{
  "data": [
    {
  "Properties": {
    "domain": "WRAITH.CORP",
    "name": "LINKTOSITE@WRAITH.CORP",
    "distinguishedname": "CN={1E9CAB27-DE29-4116-A141-9BA282256C8F},CN=POLICIES,CN=SYSTEM,DC=WRAITH,DC=CORP",
    "domainsid": "S-1-5-21-3702535222-3822678775-2090119576",
    "isaclprotected": true,
    "description": null,
    "whencreated": 1694236181,
    "gpcpath": "\\\\WRAITH.CORP\\SYSVOL\\WRAITH.CORP\\POLICIES\\{1E9CAB27-DE29-4116-A141-9BA282256C8F}"
  },
  "Aces": [
    {
      "PrincipalSID": "S-1-5-21-3702535222-3822678775-2090119576-512",
      "PrincipalType": "Group",
      "RightName": "Owns",
      "IsInherited": false
    },
    {
      "PrincipalSID": "S-1-5-21-3702535222-3822678775-2090119576-512",
      "PrincipalType": "Group",
      "RightName": "WriteDacl",
      "IsInherited": false
    },
    {
      "PrincipalSID": "S-1-5-21-3702535222-3822678775-2090119576-512",
      "PrincipalType": "Group",
      "RightName": "WriteOwner",
      "IsInherited": false
    },
    {
      "PrincipalSID": "S-1-5-21-3702535222-3822678775-2090119576-512",
      "PrincipalType": "Group",
      "RightName": "GenericWrite",
      "IsInherited": false
    },
    {
      "PrincipalSID": "S-1-5-21-3702535222-3822678775-2090119576-519",
      "PrincipalType": "Group",
      "RightName": "WriteDacl",
      "IsInherited": false
    },
    {
      "PrincipalSID": "S-1-5-21-3702535222-3822678775-2090119576-519",
      "PrincipalType": "Group",
      "RightName": "WriteOwner",
      "IsInherited": false
    },
    {
      "PrincipalSID": "S-1-5-21-3702535222-3822678775-2090119576-519",
      "PrincipalType": "Group",
      "RightName": "GenericWrite",
      "IsInherited": false
    }
  ],
  "ObjectIdentifier": "4A98E385-7518-464B-A1B2-A6B68A0E5ADF",
  "IsDeleted": false,
  "IsACLProtected": true,
  "ContainedBy": null
},
    {
  "Properties": {
    "domain": "WRAITH.CORP",
    "name": "DEFAULT DOMAIN POLICY@WRAITH.CORP",
    "distinguishedname": "CN={31B2F340-016D-11D2-945F-00C04FB984F9},CN=POLICIES,CN=SYSTEM,DC=WRAITH,DC=CORP",
    "domainsid": "S-1-5-21-3702535222-3822678775-2090119576",
    "isaclprotected": true,
    "description": null,
    "whencreated": 1668394808,
    "gpcpath": "\\\\WRAITH.CORP\\SYSVOL\\WRAITH.CORP\\POLICIES\\{31B2F340-016D-11D2-945F-00C04FB984F9}"
  },
  "Aces": [
    {
      "PrincipalSID": "S-1-5-21-3702535222-3822678775-2090119576-512",
      "PrincipalType": "Group",
      "RightName": "Owns",
      "IsInherited": false
    },
    {
      "PrincipalSID": "S-1-5-21-3702535222-3822678775-2090119576-512",
      "PrincipalType": "Group",
      "RightName": "WriteDacl",
      "IsInherited": false
    },
    {
      "PrincipalSID": "S-1-5-21-3702535222-3822678775-2090119576-512",
      "PrincipalType": "Group",
      "RightName": "WriteOwner",
      "IsInherited": false
    },
    {
      "PrincipalSID": "S-1-5-21-3702535222-3822678775-2090119576-512",
      "PrincipalType": "Group",
      "RightName": "GenericWrite",
      "IsInherited": false
    },
    {
      "PrincipalSID": "S-1-5-21-3702535222-3822678775-2090119576-512",
      "PrincipalType": "Group",
      "RightName": "WriteDacl",
      "IsInherited": false
    },
    {
      "PrincipalSID": "S-1-5-21-3702535222-3822678775-2090119576-512",
      "PrincipalType": "Group",
      "RightName": "WriteOwner",
      "IsInherited": false
    },
    {
      "PrincipalSID": "S-1-5-21-3702535222-3822678775-2090119576-512",
      "PrincipalType": "Group",
      "RightName": "GenericWrite",
      "IsInherited": false
    },
    {
      "PrincipalSID": "S-1-5-21-3702535222-3822678775-2090119576-519",
      "PrincipalType": "Group",
      "RightName": "WriteDacl",
      "IsInherited": false
    },
    {
      "PrincipalSID": "S-1-5-21-3702535222-3822678775-2090119576-519",
      "PrincipalType": "Group",
      "RightName": "WriteOwner",
      "IsInherited": false
    },
    {
      "PrincipalSID": "S-1-5-21-3702535222-3822678775-2090119576-519",
      "PrincipalType": "Group",
      "RightName": "GenericWrite",
      "IsInherited": false
    }
  ],
  "ObjectIdentifier": "3BA15CD9-C7A9-4345-8079-D702C8D376AD",
  "IsDeleted": false,
  "IsACLProtected": true,
  "ContainedBy": null
},
    {
  "Properties": {
    "domain": "WRAITH.CORP",
    "name": "LOGONLOCALLY@WRAITH.CORP",
    "distinguishedname": "CN={DCFD8B49-4897-4029-8A92-B3FEE16D1286},CN=POLICIES,CN=SYSTEM,DC=WRAITH,DC=CORP",
    "domainsid": "S-1-5-21-3702535222-3822678775-2090119576",
    "isaclprotected": true,
    "description": null,
    "whencreated": 1707282667,
    "gpcpath": "\\\\WRAITH.CORP\\SYSVOL\\WRAITH.CORP\\POLICIES\\{DCFD8B49-4897-4029-8A92-B3FEE16D1286}"
  },
  "Aces": [
    {
      "PrincipalSID": "S-1-5-21-3702535222-3822678775-2090119576-512",
      "PrincipalType": "Group",
      "RightName": "Owns",
      "IsInherited": false
    },
    {
      "PrincipalSID": "S-1-5-21-3702535222-3822678775-2090119576-512",
      "PrincipalType": "Group",
      "RightName": "WriteDacl",
      "IsInherited": false
    },
    {
      "PrincipalSID": "S-1-5-21-3702535222-3822678775-2090119576-512",
      "PrincipalType": "Group",
      "RightName": "WriteOwner",
      "IsInherited": false
    },
    {
      "PrincipalSID": "S-1-5-21-3702535222-3822678775-2090119576-512",
      "PrincipalType": "Group",
      "RightName": "GenericWrite",
      "IsInherited": false
    },
    {
      "PrincipalSID": "S-1-5-21-3702535222-3822678775-2090119576-519",
      "PrincipalType": "Group",
      "RightName": "WriteDacl",
      "IsInherited": false
    },
    {
      "PrincipalSID": "S-1-5-21-3702535222-3822678775-2090119576-519",
      "PrincipalType": "Group",
      "RightName": "WriteOwner",
      "IsInherited": false
    },
    {
      "PrincipalSID": "S-1-5-21-3702535222-3822678775-2090119576-519",
      "PrincipalType": "Group",
      "RightName": "GenericWrite",
      "IsInherited": false
    }
  ],
  "ObjectIdentifier": "0203BC2E-4EA4-46AE-8648-BA337E053522",
  "IsDeleted": false,
  "IsACLProtected": true,
  "ContainedBy": null
},
    {
  "Properties": {
    "domain": "WRAITH.CORP",
    "name": "LAPS@WRAITH.CORP",
    "distinguishedname": "CN={FDFC9F30-75CF-4C19-9B31-BE9A45D5A7C9},CN=POLICIES,CN=SYSTEM,DC=WRAITH,DC=CORP",
    "domainsid": "S-1-5-21-3702535222-3822678775-2090119576",
    "isaclprotected": true,
    "description": null,
    "whencreated": 1683440810,
    "gpcpath": "\\\\WRAITH.CORP\\SYSVOL\\WRAITH.CORP\\POLICIES\\{FDFC9F30-75CF-4C19-9B31-BE9A45D5A7C9}"
  },
  "Aces": [
    {
      "PrincipalSID": "S-1-5-21-3702535222-3822678775-2090119576-512",
      "PrincipalType": "Group",
      "RightName": "Owns",
      "IsInherited": false
    },
    {
      "PrincipalSID": "S-1-5-21-3702535222-3822678775-2090119576-512",
      "PrincipalType": "Group",
      "RightName": "WriteDacl",
      "IsInherited": false
    },
    {
      "PrincipalSID": "S-1-5-21-3702535222-3822678775-2090119576-512",
      "PrincipalType": "Group",
      "RightName": "WriteOwner",
      "IsInherited": false
    },
    {
      "PrincipalSID": "S-1-5-21-3702535222-3822678775-2090119576-512",
      "PrincipalType": "Group",
      "RightName": "GenericWrite",
      "IsInherited": false
    },
    {
      "PrincipalSID": "S-1-5-21-3702535222-3822678775-2090119576-519",
      "PrincipalType": "Group",
      "RightName": "WriteDacl",
      "IsInherited": false
    },
    {
      "PrincipalSID": "S-1-5-21-3702535222-3822678775-2090119576-519",
      "PrincipalType": "Group",
      "RightName": "WriteOwner",
      "IsInherited": false
    },
    {
      "PrincipalSID": "S-1-5-21-3702535222-3822678775-2090119576-519",
      "PrincipalType": "Group",
      "RightName": "GenericWrite",
      "IsInherited": false
    }
  ],
  "ObjectIdentifier": "E4EF3200-D838-43E0-B3ED-CFC29478031B",
  "IsDeleted": false,
  "IsACLProtected": true,
  "ContainedBy": null
},
    {
  "Properties": {
    "domain": "WRAITH.CORP",
    "name": "FORESTSEARCHORDER@WRAITH.CORP",
    "distinguishedname": "CN={8591E142-04B3-4791-BB5C-A06126864557},CN=POLICIES,CN=SYSTEM,DC=WRAITH,DC=CORP",
    "domainsid": "S-1-5-21-3702535222-3822678775-2090119576",
    "isaclprotected": true,
    "description": null,
    "whencreated": 1669123179,
    "gpcpath": "\\\\WRAITH.CORP\\SYSVOL\\WRAITH.CORP\\POLICIES\\{8591E142-04B3-4791-BB5C-A06126864557}"
  },
  "Aces": [
    {
      "PrincipalSID": "S-1-5-21-3702535222-3822678775-2090119576-512",
      "PrincipalType": "Group",
      "RightName": "Owns",
      "IsInherited": false
    },
    {
      "PrincipalSID": "S-1-5-21-3702535222-3822678775-2090119576-512",
      "PrincipalType": "Group",
      "RightName": "WriteDacl",
      "IsInherited": false
    },
    {
      "PrincipalSID": "S-1-5-21-3702535222-3822678775-2090119576-512",
      "PrincipalType": "Group",
      "RightName": "WriteOwner",
      "IsInherited": false
    },
    {
      "PrincipalSID": "S-1-5-21-3702535222-3822678775-2090119576-512",
      "PrincipalType": "Group",
      "RightName": "GenericWrite",
      "IsInherited": false
    },
    {
      "PrincipalSID": "S-1-5-21-3702535222-3822678775-2090119576-519",
      "PrincipalType": "Group",
      "RightName": "WriteDacl",
      "IsInherited": false
    },
    {
      "PrincipalSID": "S-1-5-21-3702535222-3822678775-2090119576-519",
      "PrincipalType": "Group",
      "RightName": "WriteOwner",
      "IsInherited": false
    },
    {
      "PrincipalSID": "S-1-5-21-3702535222-3822678775-2090119576-519",
      "PrincipalType": "Group",
      "RightName": "GenericWrite",
      "IsInherited": false
    }
  ],
  "ObjectIdentifier": "5D3B8EA0-696C-4502-9E18-672F9E55CBD8",
  "IsDeleted": false,
  "IsACLProtected": true,
  "ContainedBy": null
},
    {
  "Properties": {
    "domain": "WRAITH.CORP",
    "name": "DEFAULT DOMAIN CONTROLLERS POLICY@WRAITH.CORP",
    "distinguishedname": "CN={6AC1786C-016F-11D2-945F-00C04FB984F9},CN=POLICIES,CN=SYSTEM,DC=WRAITH,DC=CORP",
    "domainsid": "S-1-5-21-3702535222-3822678775-2090119576",
    "isaclprotected": true,
    "description": null,
    "whencreated": 1668394808,
    "gpcpath": "\\\\WRAITH.CORP\\SYSVOL\\WRAITH.CORP\\POLICIES\\{6AC1786C-016F-11D2-945F-00C04FB984F9}"
  },
  "Aces": [
    {
      "PrincipalSID": "S-1-5-21-3702535222-3822678775-2090119576-512",
      "PrincipalType": "Group",
      "RightName": "Owns",
      "IsInherited": false
    },
    {
      "PrincipalSID": "S-1-5-21-3702535222-3822678775-2090119576-512",
      "PrincipalType": "Group",
      "RightName": "WriteDacl",
      "IsInherited": false
    },
    {
      "PrincipalSID": "S-1-5-21-3702535222-3822678775-2090119576-512",
      "PrincipalType": "Group",
      "RightName": "WriteOwner",
      "IsInherited": false
    },
    {
      "PrincipalSID": "S-1-5-21-3702535222-3822678775-2090119576-512",
      "PrincipalType": "Group",
      "RightName": "GenericWrite",
      "IsInherited": false
    },
    {
      "PrincipalSID": "S-1-5-21-3702535222-3822678775-2090119576-512",
      "PrincipalType": "Group",
      "RightName": "WriteDacl",
      "IsInherited": false
    },
    {
      "PrincipalSID": "S-1-5-21-3702535222-3822678775-2090119576-512",
      "PrincipalType": "Group",
      "RightName": "WriteOwner",
      "IsInherited": false
    },
    {
      "PrincipalSID": "S-1-5-21-3702535222-3822678775-2090119576-512",
      "PrincipalType": "Group",
      "RightName": "GenericWrite",
      "IsInherited": false
    },
    {
      "PrincipalSID": "S-1-5-21-3702535222-3822678775-2090119576-519",
      "PrincipalType": "Group",
      "RightName": "WriteDacl",
      "IsInherited": false
    },
    {
      "PrincipalSID": "S-1-5-21-3702535222-3822678775-2090119576-519",
      "PrincipalType": "Group",
      "RightName": "WriteOwner",
      "IsInherited": false
    },
    {
      "PrincipalSID": "S-1-5-21-3702535222-3822678775-2090119576-519",
      "PrincipalType": "Group",
      "RightName": "GenericWrite",
      "IsInherited": false
    }
  ],
  "ObjectIdentifier": "C67544F8-3AFA-4182-9C0D-0A97ABC06FA0",
  "IsDeleted": false,
  "IsACLProtected": true,
  "ContainedBy": null
},
    {
  "Properties": {
    "domain": "WRAITH.CORP",
    "name": "DISABLEFIREWALL@WRAITH.CORP",
    "distinguishedname": "CN={8F964554-EB0E-4B29-9395-FB8BBF757A41},CN=POLICIES,CN=SYSTEM,DC=WRAITH,DC=CORP",
    "domainsid": "S-1-5-21-3702535222-3822678775-2090119576",
    "isaclprotected": true,
    "description": null,
    "whencreated": 1684555433,
    "gpcpath": "\\\\WRAITH.CORP\\SYSVOL\\WRAITH.CORP\\POLICIES\\{8F964554-EB0E-4B29-9395-FB8BBF757A41}"
  },
  "Aces": [
    {
      "PrincipalSID": "S-1-5-21-3702535222-3822678775-2090119576-512",
      "PrincipalType": "Group",
      "RightName": "Owns",
      "IsInherited": false
    },
    {
      "PrincipalSID": "S-1-5-21-3702535222-3822678775-2090119576-512",
      "PrincipalType": "Group",
      "RightName": "WriteDacl",
      "IsInherited": false
    },
    {
      "PrincipalSID": "S-1-5-21-3702535222-3822678775-2090119576-512",
      "PrincipalType": "Group",
      "RightName": "WriteOwner",
      "IsInherited": false
    },
    {
      "PrincipalSID": "S-1-5-21-3702535222-3822678775-2090119576-512",
      "PrincipalType": "Group",
      "RightName": "GenericWrite",
      "IsInherited": false
    },
    {
      "PrincipalSID": "S-1-5-21-3702535222-3822678775-2090119576-519",
      "PrincipalType": "Group",
      "RightName": "WriteDacl",
      "IsInherited": false
    },
    {
      "PrincipalSID": "S-1-5-21-3702535222-3822678775-2090119576-519",
      "PrincipalType": "Group",
      "RightName": "WriteOwner",
      "IsInherited": false
    },
    {
      "PrincipalSID": "S-1-5-21-3702535222-3822678775-2090119576-519",
      "PrincipalType": "Group",
      "RightName": "GenericWrite",
      "IsInherited": false
    }
  ],
  "ObjectIdentifier": "919CE5D9-AC4C-489B-8E66-BD4902089E39",
  "IsDeleted": false,
  "IsACLProtected": true,
  "ContainedBy": null
}
  ],
  "meta": {
  "methods": 521215,
  "type": "gpos",
  "count": 7,
  "version": 6
}
}