{
  "data": [
    {
  "Properties": {
    "domain": "PHANTOM.CORP",
    "name": "SHARPHOUNDSERVICELOGON@PHANTOM.CORP",
    "distinguishedname": "CN={31B0D13F-8857-4019-89A9-992FF70D869C},CN=POLICIES,CN=SYSTEM,DC=PHANTOM,DC=CORP",
    "domainsid": "S-1-5-21-2697957641-2271029196-387917394",
    "isaclprotected": true,
    "description": null,
    "whencreated": 1664354077,
    "gpcpath": "\\\\PHANTOM.CORP\\SYSVOL\\PHANTOM.CORP\\POLICIES\\{31B0D13F-8857-4019-89A9-992FF70D869C}"
  },
  "Aces": [
    {
      "PrincipalSID": "S-1-5-21-2697957641-2271029196-387917394-512",
      "PrincipalType": "Group",
      "RightName": "Owns",
      "IsInherited": false
    },
    {
      "PrincipalSID": "S-1-5-21-2697957641-2271029196-387917394-512",
      "PrincipalType": "Group",
      "RightName": "WriteDacl",
      "IsInherited": false
    },
    {
      "PrincipalSID": "S-1-5-21-2697957641-2271029196-387917394-512",
      "PrincipalType": "Group",
      "RightName": "WriteOwner",
      "IsInherited": false
    },
    {
      "PrincipalSID": "S-1-5-21-2697957641-2271029196-387917394-512",
      "PrincipalType": "Group",
      "RightName": "GenericWrite",
      "IsInherited": false
    },
    {
      "PrincipalSID": "S-1-5-21-2697957641-2271029196-387917394-519",
      "PrincipalType": "Group",
      "RightName": "WriteDacl",
      "IsInherited": false
    },
    {
      "PrincipalSID": "S-1-5-21-2697957641-2271029196-387917394-519",
      "PrincipalType": "Group",
      "RightName": "WriteOwner",
      "IsInherited": false
    },
    {
      "PrincipalSID": "S-1-5-21-2697957641-2271029196-387917394-519",
      "PrincipalType": "Group",
      "RightName": "GenericWrite",
      "IsInherited": false
    }
  ],
  "ObjectIdentifier": "D67A4025-27B6-414A-9060-0411C8694C84",
  "IsDeleted": false,
  "IsACLProtected": true,
  "ContainedBy": null
},
    {
  "Properties": {
    "domain": "PHANTOM.CORP",
    "name": "DEFAULT DOMAIN CONTROLLERS POLICY@PHANTOM.CORP",
    "distinguishedname": "CN={6AC1786C-016F-11D2-945F-00C04FB984F9},CN=POLICIES,CN=SYSTEM,DC=PHANTOM,DC=CORP",
    "domainsid": "S-1-5-21-2697957641-2271029196-387917394",
    "isaclprotected": true,
    "description": null,
    "whencreated": 1653361617,
    "gpcpath": "\\\\PHANTOM.CORP\\SYSVOL\\PHANTOM.CORP\\POLICIES\\{6AC1786C-016F-11D2-945F-00C04FB984F9}"
  },
  "Aces": [
    {
      "PrincipalSID": "S-1-5-21-2697957641-2271029196-387917394-512",
      "PrincipalType": "Group",
      "RightName": "Owns",
      "IsInherited": false
    },
    {
      "PrincipalSID": "S-1-5-21-2697957641-2271029196-387917394-512",
      "PrincipalType": "Group",
      "RightName": "WriteDacl",
      "IsInherited": false
    },
    {
      "PrincipalSID": "S-1-5-21-2697957641-2271029196-387917394-512",
      "PrincipalType": "Group",
      "RightName": "WriteOwner",
      "IsInherited": false
    },
    {
      "PrincipalSID": "S-1-5-21-2697957641-2271029196-387917394-512",
      "PrincipalType": "Group",
      "RightName": "GenericWrite",
      "IsInherited": false
    },
    {
      "PrincipalSID": "S-1-5-21-2697957641-2271029196-387917394-512",
      "PrincipalType": "Group",
      "RightName": "WriteDacl",
      "IsInherited": false
    },
    {
      "PrincipalSID": "S-1-5-21-2697957641-2271029196-387917394-512",
      "PrincipalType": "Group",
      "RightName": "WriteOwner",
      "IsInherited": false
    },
    {
      "PrincipalSID": "S-1-5-21-2697957641-2271029196-387917394-512",
      "PrincipalType": "Group",
      "RightName": "GenericWrite",
      "IsInherited": false
    },
    {
      "PrincipalSID": "S-1-5-21-2697957641-2271029196-387917394-519",
      "PrincipalType": "Group",
      "RightName": "WriteDacl",
      "IsInherited": false
    },
    {
      "PrincipalSID": "S-1-5-21-2697957641-2271029196-387917394-519",
      "PrincipalType": "Group",
      "RightName": "WriteOwner",
      "IsInherited": false
    },
    {
      "PrincipalSID": "S-1-5-21-2697957641-2271029196-387917394-519",
      "PrincipalType": "Group",
      "RightName": "GenericWrite",
      "IsInherited": false
    }
  ],
  "ObjectIdentifier": "8CFCA3B1-C2EC-4DFE-BEC2-A4DFF257EE40",
  "IsDeleted": false,
  "IsACLProtected": true,
  "ContainedBy": null
},
    {
  "Properties": {
    "domain": "PHANTOM.CORP",
    "name": "DISABLEIPV6@PHANTOM.CORP",
    "distinguishedname": "CN={D7F52210-8FF1-43D8-A07D-D92C0DEC5AA6},CN=POLICIES,CN=SYSTEM,DC=PHANTOM,DC=CORP",
    "domainsid": "S-1-5-21-2697957641-2271029196-387917394",
    "isaclprotected": true,
    "description": null,
    "whencreated": 1665133104,
    "gpcpath": "\\\\PHANTOM.CORP\\SYSVOL\\PHANTOM.CORP\\POLICIES\\{D7F52210-8FF1-43D8-A07D-D92C0DEC5AA6}"
  },
  "Aces": [
    {
      "PrincipalSID": "S-1-5-21-2697957641-2271029196-387917394-512",
      "PrincipalType": "Group",
      "RightName": "Owns",
      "IsInherited": false
    },
    {
      "PrincipalSID": "S-1-5-21-2697957641-2271029196-387917394-512",
      "PrincipalType": "Group",
      "RightName": "WriteDacl",
      "IsInherited": false
    },
    {
      "PrincipalSID": "S-1-5-21-2697957641-2271029196-387917394-512",
      "PrincipalType": "Group",
      "RightName": "WriteOwner",
      "IsInherited": false
    },
    {
      "PrincipalSID": "S-1-5-21-2697957641-2271029196-387917394-512",
      "PrincipalType": "Group",
      "RightName": "GenericWrite",
      "IsInherited": false
    },
    {
      "PrincipalSID": "S-1-5-21-2697957641-2271029196-387917394-519",
      "PrincipalType": "Group",
      "RightName": "WriteDacl",
      "IsInherited": false
    },
    {
      "PrincipalSID": "S-1-5-21-2697957641-2271029196-387917394-519",
      "PrincipalType": "Group",
      "RightName": "WriteOwner",
      "IsInherited": false
    },
    {
      "PrincipalSID": "S-1-5-21-2697957641-2271029196-387917394-519",
      "PrincipalType": "Group",
      "RightName": "GenericWrite",
      "IsInherited": false
    }
  ],
  "ObjectIdentifier": "8ED690E2-9E43-44FD-AF20-AFE2F3270458",
  "IsDeleted": false,
  "IsACLProtected": true,
  "ContainedBy": null
},
    {
  "Properties": {
    "domain": "PHANTOM.CORP",
    "name": "KRB CLOCK SKEW@PHANTOM.CORP",
    "distinguishedname": "CN={E1163A26-7DC4-44C2-A06F-1D7513A9B0A8},CN=POLICIES,CN=SYSTEM,DC=PHANTOM,DC=CORP",
    "domainsid": "S-1-5-21-2697957641-2271029196-387917394",
    "isaclprotected": true,
    "description": null,
    "whencreated": 1708477414,
    "gpcpath": "\\\\PHANTOM.CORP\\SYSVOL\\PHANTOM.CORP\\POLICIES\\{E1163A26-7DC4-44C2-A06F-1D7513A9B0A8}"
  },
  "Aces": [
    {
      "PrincipalSID": "S-1-5-21-2697957641-2271029196-387917394-512",
      "PrincipalType": "Group",
      "RightName": "Owns",
      "IsInherited": false
    },
    {
      "PrincipalSID": "S-1-5-21-2697957641-2271029196-387917394-512",
      "PrincipalType": "Group",
      "RightName": "WriteDacl",
      "IsInherited": false
    },
    {
      "PrincipalSID": "S-1-5-21-2697957641-2271029196-387917394-512",
      "PrincipalType": "Group",
      "RightName": "WriteOwner",
      "IsInherited": false
    },
    {
      "PrincipalSID": "S-1-5-21-2697957641-2271029196-387917394-512",
      "PrincipalType": "Group",
      "RightName": "GenericWrite",
      "IsInherited": false
    },
    {
      "PrincipalSID": "S-1-5-21-2697957641-2271029196-387917394-519",
      "PrincipalType": "Group",
      "RightName": "WriteDacl",
      "IsInherited": false
    },
    {
      "PrincipalSID": "S-1-5-21-2697957641-2271029196-387917394-519",
      "PrincipalType": "Group",
      "RightName": "WriteOwner",
      "IsInherited": false
    },
    {
      "PrincipalSID": "S-1-5-21-2697957641-2271029196-387917394-519",
      "PrincipalType": "Group",
      "RightName": "GenericWrite",
      "IsInherited": false
    }
  ],
  "ObjectIdentifier": "6BA11144-DC08-497C-A9C0-3AF9F4B4A39E",
  "IsDeleted": false,
  "IsACLProtected": true,
  "ContainedBy": null
},
    {
  "Properties": {
    "domain": "PHANTOM.CORP",
    "name": "RPD@PHANTOM.CORP",
    "distinguishedname": "CN={E5DF4FC2-9489-4215-A1FF-E62F3277DA93},CN=POLICIES,CN=SYSTEM,DC=PHANTOM,DC=CORP",
    "domainsid": "S-1-5-21-2697957641-2271029196-387917394",
    "isaclprotected": true,
    "description": null,
    "whencreated": 1671656828,
    "gpcpath": "\\\\PHANTOM.CORP\\SYSVOL\\PHANTOM.CORP\\POLICIES\\{E5DF4FC2-9489-4215-A1FF-E62F3277DA93}"
  },
  "Aces": [
    {
      "PrincipalSID": "S-1-5-21-2697957641-2271029196-387917394-512",
      "PrincipalType": "Group",
      "RightName": "Owns",
      "IsInherited": false
    },
    {
      "PrincipalSID": "S-1-5-21-2697957641-2271029196-387917394-512",
      "PrincipalType": "Group",
      "RightName": "WriteDacl",
      "IsInherited": false
    },
    {
      "PrincipalSID": "S-1-5-21-2697957641-2271029196-387917394-512",
      "PrincipalType": "Group",
      "RightName": "WriteOwner",
      "IsInherited": false
    },
    {
      "PrincipalSID": "S-1-5-21-2697957641-2271029196-387917394-512",
      "PrincipalType": "Group",
      "RightName": "GenericWrite",
      "IsInherited": false
    },
    {
      "PrincipalSID": "S-1-5-21-2697957641-2271029196-387917394-519",
      "PrincipalType": "Group",
      "RightName": "WriteDacl",
      "IsInherited": false
    },
    {
      "PrincipalSID": "S-1-5-21-2697957641-2271029196-387917394-519",
      "PrincipalType": "Group",
      "RightName": "WriteOwner",
      "IsInherited": false
    },
    {
      "PrincipalSID": "S-1-5-21-2697957641-2271029196-387917394-519",
      "PrincipalType": "Group",
      "RightName": "GenericWrite",
      "IsInherited": false
    }
  ],
  "ObjectIdentifier": "B88EC183-544A-4FEE-9492-EBBD3415238C",
  "IsDeleted": false,
  "IsACLProtected": true,
  "ContainedBy": null
},
    {
  "Properties": {
    "domain": "PHANTOM.CORP",
    "name": "DOMAIN USERS ADMIN2@PHANTOM.CORP",
    "distinguishedname": "CN={3A8FADBC-DC83-4FD3-9E85-231AD0CB2B08},CN=POLICIES,CN=SYSTEM,DC=PHANTOM,DC=CORP",
    "domainsid": "S-1-5-21-2697957641-2271029196-387917394",
    "isaclprotected": true,
    "description": null,
    "whencreated": 1668342078,
    "gpcpath": "\\\\PHANTOM.CORP\\SYSVOL\\PHANTOM.CORP\\POLICIES\\{3A8FADBC-DC83-4FD3-9E85-231AD0CB2B08}"
  },
  "Aces": [
    {
      "PrincipalSID": "S-1-5-21-2697957641-2271029196-387917394-512",
      "PrincipalType": "Group",
      "RightName": "Owns",
      "IsInherited": false
    },
    {
      "PrincipalSID": "S-1-5-21-2697957641-2271029196-387917394-512",
      "PrincipalType": "Group",
      "RightName": "WriteDacl",
      "IsInherited": false
    },
    {
      "PrincipalSID": "S-1-5-21-2697957641-2271029196-387917394-512",
      "PrincipalType": "Group",
      "RightName": "WriteOwner",
      "IsInherited": false
    },
    {
      "PrincipalSID": "S-1-5-21-2697957641-2271029196-387917394-512",
      "PrincipalType": "Group",
      "RightName": "GenericWrite",
      "IsInherited": false
    },
    {
      "PrincipalSID": "S-1-5-21-2697957641-2271029196-387917394-519",
      "PrincipalType": "Group",
      "RightName": "WriteDacl",
      "IsInherited": false
    },
    {
      "PrincipalSID": "S-1-5-21-2697957641-2271029196-387917394-519",
      "PrincipalType": "Group",
      "RightName": "WriteOwner",
      "IsInherited": false
    },
    {
      "PrincipalSID": "S-1-5-21-2697957641-2271029196-387917394-519",
      "PrincipalType": "Group",
      "RightName": "GenericWrite",
      "IsInherited": false
    }
  ],
  "ObjectIdentifier": "3D91B8EE-7463-4356-A537-4B3845AB1DCB",
  "IsDeleted": false,
  "IsACLProtected": true,
  "ContainedBy": null
},
    {
  "Properties": {
    "domain": "PHANTOM.CORP",
    "name": "FORESTSEARCHORDER@PHANTOM.CORP",
    "distinguishedname": "CN={E0597146-206A-4981-A51A-9E8646C821EA},CN=POLICIES,CN=SYSTEM,DC=PHANTOM,DC=CORP",
    "domainsid": "S-1-5-21-2697957641-2271029196-387917394",
    "isaclprotected": true,
    "description": null,
    "whencreated": 1669123066,
    "gpcpath": "\\\\PHANTOM.CORP\\SYSVOL\\PHANTOM.CORP\\POLICIES\\{E0597146-206A-4981-A51A-9E8646C821EA}"
  },
  "Aces": [
    {
      "PrincipalSID": "S-1-5-21-2697957641-2271029196-387917394-512",
      "PrincipalType": "Group",
      "RightName": "Owns",
      "IsInherited": false
    },
    {
      "PrincipalSID": "S-1-5-21-2697957641-2271029196-387917394-512",
      "PrincipalType": "Group",
      "RightName": "WriteDacl",
      "IsInherited": false
    },
    {
      "PrincipalSID": "S-1-5-21-2697957641-2271029196-387917394-512",
      "PrincipalType": "Group",
      "RightName": "WriteOwner",
      "IsInherited": false
    },
    {
      "PrincipalSID": "S-1-5-21-2697957641-2271029196-387917394-512",
      "PrincipalType": "Group",
      "RightName": "GenericWrite",
      "IsInherited": false
    },
    {
      "PrincipalSID": "S-1-5-21-2697957641-2271029196-387917394-519",
      "PrincipalType": "Group",
      "RightName": "WriteDacl",
      "IsInherited": false
    },
    {
      "PrincipalSID": "S-1-5-21-2697957641-2271029196-387917394-519",
      "PrincipalType": "Group",
      "RightName": "WriteOwner",
      "IsInherited": false
    },
    {
      "PrincipalSID": "S-1-5-21-2697957641-2271029196-387917394-519",
      "PrincipalType": "Group",
      "RightName": "GenericWrite",
      "IsInherited": false
    }
  ],
  "ObjectIdentifier": "7F8CC2FA-82A5-41D0-8D5B-967EB093A523",
  "IsDeleted": false,
  "IsACLProtected": true,
  "ContainedBy": null
},
    {
  "Properties": {
    "domain": "PHANTOM.CORP",
    "name": "DEFAULT DOMAIN POLICY@PHANTOM.CORP",
    "distinguishedname": "CN={31B2F340-016D-11D2-945F-00C04FB984F9},CN=POLICIES,CN=SYSTEM,DC=PHANTOM,DC=CORP",
    "domainsid": "S-1-5-21-2697957641-2271029196-387917394",
    "isaclprotected": true,
    "description": null,
    "whencreated": 1653361617,
    "gpcpath": "\\\\PHANTOM.CORP\\SYSVOL\\PHANTOM.CORP\\POLICIES\\{31B2F340-016D-11D2-945F-00C04FB984F9}"
  },
  "Aces": [
    {
      "PrincipalSID": "S-1-5-21-2697957641-2271029196-387917394-512",
      "PrincipalType": "Group",
      "RightName": "Owns",
      "IsInherited": false
    },
    {
      "PrincipalSID": "S-1-5-21-2697957641-2271029196-387917394-512",
      "PrincipalType": "Group",
      "RightName": "WriteDacl",
      "IsInherited": false
    },
    {
      "PrincipalSID": "S-1-5-21-2697957641-2271029196-387917394-512",
      "PrincipalType": "Group",
      "RightName": "WriteOwner",
      "IsInherited": false
    },
    {
      "PrincipalSID": "S-1-5-21-2697957641-2271029196-387917394-512",
      "PrincipalType": "Group",
      "RightName": "GenericWrite",
      "IsInherited": false
    },
    {
      "PrincipalSID": "S-1-5-21-2697957641-2271029196-387917394-512",
      "PrincipalType": "Group",
      "RightName": "WriteDacl",
      "IsInherited": false
    },
    {
      "PrincipalSID": "S-1-5-21-2697957641-2271029196-387917394-512",
      "PrincipalType": "Group",
      "RightName": "WriteOwner",
      "IsInherited": false
    },
    {
      "PrincipalSID": "S-1-5-21-2697957641-2271029196-387917394-512",
      "PrincipalType": "Group",
      "RightName": "GenericWrite",
      "IsInherited": false
    },
    {
      "PrincipalSID": "S-1-5-21-2697957641-2271029196-387917394-519",
      "PrincipalType": "Group",
      "RightName": "WriteDacl",
      "IsInherited": false
    },
    {
      "PrincipalSID": "S-1-5-21-2697957641-2271029196-387917394-519",
      "PrincipalType": "Group",
      "RightName": "WriteOwner",
      "IsInherited": false
    },
    {
      "PrincipalSID": "S-1-5-21-2697957641-2271029196-387917394-519",
      "PrincipalType": "Group",
      "RightName": "GenericWrite",
      "IsInherited": false
    }
  ],
  "ObjectIdentifier": "3E2ECA5A-7D5C-4224-934E-4E7FEA187B01",
  "IsDeleted": false,
  "IsACLProtected": true,
  "ContainedBy": null
},
    {
  "Properties": {
    "domain": "PHANTOM.CORP",
    "name": "AUDIT@PHANTOM.CORP",
    "distinguishedname": "CN={F25FFCE3-118C-4330-9E54-4E7C2E809879},CN=POLICIES,CN=SYSTEM,DC=PHANTOM,DC=CORP",
    "domainsid": "S-1-5-21-2697957641-2271029196-387917394",
    "isaclprotected": true,
    "description": null,
    "whencreated": 1676187360,
    "gpcpath": "\\\\PHANTOM.CORP\\SYSVOL\\PHANTOM.CORP\\POLICIES\\{F25FFCE3-118C-4330-9E54-4E7C2E809879}"
  },
  "Aces": [
    {
      "PrincipalSID": "S-1-5-21-2697957641-2271029196-387917394-512",
      "PrincipalType": "Group",
      "RightName": "Owns",
      "IsInherited": false
    },
    {
      "PrincipalSID": "S-1-5-21-2697957641-2271029196-387917394-512",
      "PrincipalType": "Group",
      "RightName": "WriteDacl",
      "IsInherited": false
    },
    {
      "PrincipalSID": "S-1-5-21-2697957641-2271029196-387917394-512",
      "PrincipalType": "Group",
      "RightName": "WriteOwner",
      "IsInherited": false
    },
    {
      "PrincipalSID": "S-1-5-21-2697957641-2271029196-387917394-512",
      "PrincipalType": "Group",
      "RightName": "GenericWrite",
      "IsInherited": false
    },
    {
      "PrincipalSID": "S-1-5-21-2697957641-2271029196-387917394-519",
      "PrincipalType": "Group",
      "RightName": "WriteDacl",
      "IsInherited": false
    },
    {
      "PrincipalSID": "S-1-5-21-2697957641-2271029196-387917394-519",
      "PrincipalType": "Group",
      "RightName": "WriteOwner",
      "IsInherited": false
    },
    {
      "PrincipalSID": "S-1-5-21-2697957641-2271029196-387917394-519",
      "PrincipalType": "Group",
      "RightName": "GenericWrite",
      "IsInherited": false
    }
  ],
  "ObjectIdentifier": "4CBB081A-E5A7-43AA-A786-0AA61E604E7F",
  "IsDeleted": false,
  "IsACLProtected": true,
  "ContainedBy": null
},
    {
  "Properties": {
    "domain": "PHANTOM.CORP",
    "name": "ALICE-ADM@PHANTOM.CORP",
    "distinguishedname": "CN={E1CF1D76-DFE6-4479-A564-F8B6E7B8685E},CN=POLICIES,CN=SYSTEM,DC=PHANTOM,DC=CORP",
    "domainsid": "S-1-5-21-2697957641-2271029196-387917394",
    "isaclprotected": true,
    "description": null,
    "whencreated": 1681261815,
    "gpcpath": "\\\\PHANTOM.CORP\\SYSVOL\\PHANTOM.CORP\\POLICIES\\{E1CF1D76-DFE6-4479-A564-F8B6E7B8685E}"
  },
  "Aces": [
    {
      "PrincipalSID": "S-1-5-21-2697957641-2271029196-387917394-512",
      "PrincipalType": "Group",
      "RightName": "Owns",
      "IsInherited": false
    },
    {
      "PrincipalSID": "S-1-5-21-2697957641-2271029196-387917394-512",
      "PrincipalType": "Group",
      "RightName": "WriteDacl",
      "IsInherited": false
    },
    {
      "PrincipalSID": "S-1-5-21-2697957641-2271029196-387917394-512",
      "PrincipalType": "Group",
      "RightName": "WriteOwner",
      "IsInherited": false
    },
    {
      "PrincipalSID": "S-1-5-21-2697957641-2271029196-387917394-512",
      "PrincipalType": "Group",
      "RightName": "GenericWrite",
      "IsInherited": false
    },
    {
      "PrincipalSID": "S-1-5-21-2697957641-2271029196-387917394-519",
      "PrincipalType": "Group",
      "RightName": "WriteDacl",
      "IsInherited": false
    },
    {
      "PrincipalSID": "S-1-5-21-2697957641-2271029196-387917394-519",
      "PrincipalType": "Group",
      "RightName": "WriteOwner",
      "IsInherited": false
    },
    {
      "PrincipalSID": "S-1-5-21-2697957641-2271029196-387917394-519",
      "PrincipalType": "Group",
      "RightName": "GenericWrite",
      "IsInherited": false
    }
  ],
  "ObjectIdentifier": "0E7541BB-814F-4768-85E2-025B57444AC9",
  "IsDeleted": false,
  "IsACLProtected": true,
  "ContainedBy": null
},
    {
  "Properties": {
    "domain": "PHANTOM.CORP",
    "name": "RESTRICTED GROUPS ADMINS@PHANTOM.CORP",
    "distinguishedname": "CN={EA1057B3-EB16-449B-9477-87393A39F03B},CN=POLICIES,CN=SYSTEM,DC=PHANTOM,DC=CORP",
    "domainsid": "S-1-5-21-2697957641-2271029196-387917394",
    "isaclprotected": true,
    "description": null,
    "whencreated": 1676971426,
    "gpcpath": "\\\\PHANTOM.CORP\\SYSVOL\\PHANTOM.CORP\\POLICIES\\{EA1057B3-EB16-449B-9477-87393A39F03B}"
  },
  "Aces": [
    {
      "PrincipalSID": "S-1-5-21-2697957641-2271029196-387917394-512",
      "PrincipalType": "Group",
      "RightName": "Owns",
      "IsInherited": false
    },
    {
      "PrincipalSID": "S-1-5-21-2697957641-2271029196-387917394-512",
      "PrincipalType": "Group",
      "RightName": "WriteDacl",
      "IsInherited": false
    },
    {
      "PrincipalSID": "S-1-5-21-2697957641-2271029196-387917394-512",
      "PrincipalType": "Group",
      "RightName": "WriteOwner",
      "IsInherited": false
    },
    {
      "PrincipalSID": "S-1-5-21-2697957641-2271029196-387917394-512",
      "PrincipalType": "Group",
      "RightName": "GenericWrite",
      "IsInherited": false
    },
    {
      "PrincipalSID": "S-1-5-21-2697957641-2271029196-387917394-519",
      "PrincipalType": "Group",
      "RightName": "WriteDacl",
      "IsInherited": false
    },
    {
      "PrincipalSID": "S-1-5-21-2697957641-2271029196-387917394-519",
      "PrincipalType": "Group",
      "RightName": "WriteOwner",
      "IsInherited": false
    },
    {
      "PrincipalSID": "S-1-5-21-2697957641-2271029196-387917394-519",
      "PrincipalType": "Group",
      "RightName": "GenericWrite",
      "IsInherited": false
    }
  ],
  "ObjectIdentifier": "AA701538-C1C8-4BE4-A2DB-0176AC970506",
  "IsDeleted": false,
  "IsACLProtected": true,
  "ContainedBy": null
},
    {
  "Properties": {
    "domain": "PHANTOM.CORP",
    "name": "RESTRICTED GROUPS@PHANTOM.CORP",
    "distinguishedname": "CN={036C0E34-16EA-4E68-9731-B1E29CE01B81},CN=POLICIES,CN=SYSTEM,DC=PHANTOM,DC=CORP",
    "domainsid": "S-1-5-21-2697957641-2271029196-387917394",
    "isaclprotected": true,
    "description": null,
    "whencreated": 1675666626,
    "gpcpath": "\\\\PHANTOM.CORP\\SYSVOL\\PHANTOM.CORP\\POLICIES\\{036C0E34-16EA-4E68-9731-B1E29CE01B81}"
  },
  "Aces": [
    {
      "PrincipalSID": "S-1-5-21-2697957641-2271029196-387917394-512",
      "PrincipalType": "Group",
      "RightName": "Owns",
      "IsInherited": false
    },
    {
      "PrincipalSID": "S-1-5-21-2697957641-2271029196-387917394-512",
      "PrincipalType": "Group",
      "RightName": "WriteDacl",
      "IsInherited": false
    },
    {
      "PrincipalSID": "S-1-5-21-2697957641-2271029196-387917394-512",
      "PrincipalType": "Group",
      "RightName": "WriteOwner",
      "IsInherited": false
    },
    {
      "PrincipalSID": "S-1-5-21-2697957641-2271029196-387917394-512",
      "PrincipalType": "Group",
      "RightName": "GenericWrite",
      "IsInherited": false
    },
    {
      "PrincipalSID": "S-1-5-21-2697957641-2271029196-387917394-519",
      "PrincipalType": "Group",
      "RightName": "WriteDacl",
      "IsInherited": false
    },
    {
      "PrincipalSID": "S-1-5-21-2697957641-2271029196-387917394-519",
      "PrincipalType": "Group",
      "RightName": "WriteOwner",
      "IsInherited": false
    },
    {
      "PrincipalSID": "S-1-5-21-2697957641-2271029196-387917394-519",
      "PrincipalType": "Group",
      "RightName": "GenericWrite",
      "IsInherited": false
    }
  ],
  "ObjectIdentifier": "71AB4E5F-6BB6-4781-B328-6A8A27C5DA16",
  "IsDeleted": false,
  "IsACLProtected": true,
  "ContainedBy": null
},
    {
  "Properties": {
    "domain": "PHANTOM.CORP",
    "name": "DISABLELDAPSECURITY@PHANTOM.CORP",
    "distinguishedname": "CN={256F3193-2C0C-4E85-8EA8-86A9D4076510},CN=POLICIES,CN=SYSTEM,DC=PHANTOM,DC=CORP",
    "domainsid": "S-1-5-21-2697957641-2271029196-387917394",
    "isaclprotected": true,
    "description": null,
    "whencreated": 1674189197,
    "gpcpath": "\\\\PHANTOM.CORP\\SYSVOL\\PHANTOM.CORP\\POLICIES\\{256F3193-2C0C-4E85-8EA8-86A9D4076510}"
  },
  "Aces": [
    {
      "PrincipalSID": "S-1-5-21-2697957641-2271029196-387917394-512",
      "PrincipalType": "Group",
      "RightName": "Owns",
      "IsInherited": false
    },
    {
      "PrincipalSID": "S-1-5-21-2697957641-2271029196-387917394-512",
      "PrincipalType": "Group",
      "RightName": "WriteDacl",
      "IsInherited": false
    },
    {
      "PrincipalSID": "S-1-5-21-2697957641-2271029196-387917394-512",
      "PrincipalType": "Group",
      "RightName": "WriteOwner",
      "IsInherited": false
    },
    {
      "PrincipalSID": "S-1-5-21-2697957641-2271029196-387917394-512",
      "PrincipalType": "Group",
      "RightName": "GenericWrite",
      "IsInherited": false
    },
    {
      "PrincipalSID": "S-1-5-21-2697957641-2271029196-387917394-519",
      "PrincipalType": "Group",
      "RightName": "WriteDacl",
      "IsInherited": false
    },
    {
      "PrincipalSID": "S-1-5-21-2697957641-2271029196-387917394-519",
      "PrincipalType": "Group",
      "RightName": "WriteOwner",
      "IsInherited": false
    },
    {
      "PrincipalSID": "S-1-5-21-2697957641-2271029196-387917394-519",
      "PrincipalType": "Group",
      "RightName": "GenericWrite",
      "IsInherited": false
    }
  ],
  "ObjectIdentifier": "19AAB229-16B1-4725-A3E9-91DB8780A43C",
  "IsDeleted": false,
  "IsACLProtected": true,
  "ContainedBy": null
},
    {
  "Properties": {
    "domain": "PHANTOM.CORP",
    "name": "LDAPTEST@PHANTOM.CORP",
    "distinguishedname": "CN={97B2BEB4-5353-4C1D-A57F-48FA3B9CD072},CN=POLICIES,CN=SYSTEM,DC=PHANTOM,DC=CORP",
    "domainsid": "S-1-5-21-2697957641-2271029196-387917394",
    "isaclprotected": true,
    "description": null,
    "whencreated": 1667269575,
    "gpcpath": "\\\\PHANTOM.CORP\\SYSVOL\\PHANTOM.CORP\\POLICIES\\{97B2BEB4-5353-4C1D-A57F-48FA3B9CD072}"
  },
  "Aces": [
    {
      "PrincipalSID": "S-1-5-21-2697957641-2271029196-387917394-512",
      "PrincipalType": "Group",
      "RightName": "Owns",
      "IsInherited": false
    },
    {
      "PrincipalSID": "S-1-5-21-2697957641-2271029196-387917394-512",
      "PrincipalType": "Group",
      "RightName": "WriteDacl",
      "IsInherited": false
    },
    {
      "PrincipalSID": "S-1-5-21-2697957641-2271029196-387917394-512",
      "PrincipalType": "Group",
      "RightName": "WriteOwner",
      "IsInherited": false
    },
    {
      "PrincipalSID": "S-1-5-21-2697957641-2271029196-387917394-512",
      "PrincipalType": "Group",
      "RightName": "GenericWrite",
      "IsInherited": false
    },
    {
      "PrincipalSID": "S-1-5-21-2697957641-2271029196-387917394-519",
      "PrincipalType": "Group",
      "RightName": "WriteDacl",
      "IsInherited": false
    },
    {
      "PrincipalSID": "S-1-5-21-2697957641-2271029196-387917394-519",
      "PrincipalType": "Group",
      "RightName": "WriteOwner",
      "IsInherited": false
    },
    {
      "PrincipalSID": "S-1-5-21-2697957641-2271029196-387917394-519",
      "PrincipalType": "Group",
      "RightName": "GenericWrite",
      "IsInherited": false
    }
  ],
  "ObjectIdentifier": "BB929560-02B5-47CC-BA2D-654DAE1798B4",
  "IsDeleted": false,
  "IsACLProtected": true,
  "ContainedBy": null
},
    {
  "Properties": {
    "domain": "PHANTOM.CORP",
    "name": "DISABLELDAPCHANNELBINDING@PHANTOM.CORP",
    "distinguishedname": "CN={37EEF3D9-3EB7-4B0F-83D1-AEBBB7D9C76F},CN=POLICIES,CN=SYSTEM,DC=PHANTOM,DC=CORP",
    "domainsid": "S-1-5-21-2697957641-2271029196-387917394",
    "isaclprotected": true,
    "description": null,
    "whencreated": 1674189538,
    "gpcpath": "\\\\PHANTOM.CORP\\SYSVOL\\PHANTOM.CORP\\POLICIES\\{37EEF3D9-3EB7-4B0F-83D1-AEBBB7D9C76F}"
  },
  "Aces": [
    {
      "PrincipalSID": "S-1-5-21-2697957641-2271029196-387917394-512",
      "PrincipalType": "Group",
      "RightName": "Owns",
      "IsInherited": false
    },
    {
      "PrincipalSID": "S-1-5-21-2697957641-2271029196-387917394-512",
      "PrincipalType": "Group",
      "RightName": "WriteDacl",
      "IsInherited": false
    },
    {
      "PrincipalSID": "S-1-5-21-2697957641-2271029196-387917394-512",
      "PrincipalType": "Group",
      "RightName": "WriteOwner",
      "IsInherited": false
    },
    {
      "PrincipalSID": "S-1-5-21-2697957641-2271029196-387917394-512",
      "PrincipalType": "Group",
      "RightName": "GenericWrite",
      "IsInherited": false
    },
    {
      "PrincipalSID": "S-1-5-21-2697957641-2271029196-387917394-519",
      "PrincipalType": "Group",
      "RightName": "WriteDacl",
      "IsInherited": false
    },
    {
      "PrincipalSID": "S-1-5-21-2697957641-2271029196-387917394-519",
      "PrincipalType": "Group",
      "RightName": "WriteOwner",
      "IsInherited": false
    },
    {
      "PrincipalSID": "S-1-5-21-2697957641-2271029196-387917394-519",
      "PrincipalType": "Group",
      "RightName": "GenericWrite",
      "IsInherited": false
    }
  ],
  "ObjectIdentifier": "4B06F5B8-3865-42A1-89C8-3280FD516D1B",
  "IsDeleted": false,
  "IsACLProtected": true,
  "ContainedBy": null
},
    {
  "Properties": {
    "domain": "PHANTOM.CORP",
    "name": "OPENFIREWALLPORTS@PHANTOM.CORP",
    "distinguishedname": "CN={C6931AC3-CAC6-4E56-A504-C5BFEF19BFC2},CN=POLICIES,CN=SYSTEM,DC=PHANTOM,DC=CORP",
    "domainsid": "S-1-5-21-2697957641-2271029196-387917394",
    "isaclprotected": true,
    "description": null,
    "whencreated": 1664358917,
    "gpcpath": "\\\\PHANTOM.CORP\\SYSVOL\\PHANTOM.CORP\\POLICIES\\{C6931AC3-CAC6-4E56-A504-C5BFEF19BFC2}"
  },
  "Aces": [
    {
      "PrincipalSID": "S-1-5-21-2697957641-2271029196-387917394-512",
      "PrincipalType": "Group",
      "RightName": "Owns",
      "IsInherited": false
    },
    {
      "PrincipalSID": "S-1-5-21-2697957641-2271029196-387917394-512",
      "PrincipalType": "Group",
      "RightName": "WriteDacl",
      "IsInherited": false
    },
    {
      "PrincipalSID": "S-1-5-21-2697957641-2271029196-387917394-512",
      "PrincipalType": "Group",
      "RightName": "WriteOwner",
      "IsInherited": false
    },
    {
      "PrincipalSID": "S-1-5-21-2697957641-2271029196-387917394-512",
      "PrincipalType": "Group",
      "RightName": "GenericWrite",
      "IsInherited": false
    },
    {
      "PrincipalSID": "S-1-5-21-2697957641-2271029196-387917394-519",
      "PrincipalType": "Group",
      "RightName": "WriteDacl",
      "IsInherited": false
    },
    {
      "PrincipalSID": "S-1-5-21-2697957641-2271029196-387917394-519",
      "PrincipalType": "Group",
      "RightName": "WriteOwner",
      "IsInherited": false
    },
    {
      "PrincipalSID": "S-1-5-21-2697957641-2271029196-387917394-519",
      "PrincipalType": "Group",
      "RightName": "GenericWrite",
      "IsInherited": false
    }
  ],
  "ObjectIdentifier": "CD1CCCC8-8C57-432C-B895-B326F007FF7F",
  "IsDeleted": false,
  "IsACLProtected": true,
  "ContainedBy": null
},
    {
  "Properties": {
    "domain": "PHANTOM.CORP",
    "name": "ALLOWLOGONLOCALLY@PHANTOM.CORP",
    "distinguishedname": "CN={60282DB7-9E73-4F65-B5FD-C9616A395E4C},CN=POLICIES,CN=SYSTEM,DC=PHANTOM,DC=CORP",
    "domainsid": "S-1-5-21-2697957641-2271029196-387917394",
    "isaclprotected": true,
    "description": null,
    "whencreated": 1706599399,
    "gpcpath": "\\\\PHANTOM.CORP\\SYSVOL\\PHANTOM.CORP\\POLICIES\\{60282DB7-9E73-4F65-B5FD-C9616A395E4C}"
  },
  "Aces": [
    {
      "PrincipalSID": "S-1-5-21-2697957641-2271029196-387917394-512",
      "PrincipalType": "Group",
      "RightName": "Owns",
      "IsInherited": false
    },
    {
      "PrincipalSID": "S-1-5-21-2697957641-2271029196-387917394-512",
      "PrincipalType": "Group",
      "RightName": "WriteDacl",
      "IsInherited": false
    },
    {
      "PrincipalSID": "S-1-5-21-2697957641-2271029196-387917394-512",
      "PrincipalType": "Group",
      "RightName": "WriteOwner",
      "IsInherited": false
    },
    {
      "PrincipalSID": "S-1-5-21-2697957641-2271029196-387917394-512",
      "PrincipalType": "Group",
      "RightName": "GenericWrite",
      "IsInherited": false
    },
    {
      "PrincipalSID": "S-1-5-21-2697957641-2271029196-387917394-519",
      "PrincipalType": "Group",
      "RightName": "WriteDacl",
      "IsInherited": false
    },
    {
      "PrincipalSID": "S-1-5-21-2697957641-2271029196-387917394-519",
      "PrincipalType": "Group",
      "RightName": "WriteOwner",
      "IsInherited": false
    },
    {
      "PrincipalSID": "S-1-5-21-2697957641-2271029196-387917394-519",
      "PrincipalType": "Group",
      "RightName": "GenericWrite",
      "IsInherited": false
    }
  ],
  "ObjectIdentifier": "A7B3C839-17A3-4602-898C-B4532B97FCC3",
  "IsDeleted": false,
  "IsACLProtected": true,
  "ContainedBy": null
},
    {
  "Properties": {
    "domain": "PHANTOM.CORP",
    "name": "TESTUSERSETTING@PHANTOM.CORP",
    "distinguishedname": "CN={14017ACA-3A03-451F-9F28-9B635C4EEB91},CN=POLICIES,CN=SYSTEM,DC=PHANTOM,DC=CORP",
    "domainsid": "S-1-5-21-2697957641-2271029196-387917394",
    "isaclprotected": true,
    "description": null,
    "whencreated": 1678893435,
    "gpcpath": "\\\\PHANTOM.CORP\\SYSVOL\\PHANTOM.CORP\\POLICIES\\{14017ACA-3A03-451F-9F28-9B635C4EEB91}"
  },
  "Aces": [
    {
      "PrincipalSID": "S-1-5-21-2697957641-2271029196-387917394-512",
      "PrincipalType": "Group",
      "RightName": "Owns",
      "IsInherited": false
    },
    {
      "PrincipalSID": "S-1-5-21-2697957641-2271029196-387917394-512",
      "PrincipalType": "Group",
      "RightName": "WriteDacl",
      "IsInherited": false
    },
    {
      "PrincipalSID": "S-1-5-21-2697957641-2271029196-387917394-512",
      "PrincipalType": "Group",
      "RightName": "WriteOwner",
      "IsInherited": false
    },
    {
      "PrincipalSID": "S-1-5-21-2697957641-2271029196-387917394-512",
      "PrincipalType": "Group",
      "RightName": "GenericWrite",
      "IsInherited": false
    },
    {
      "PrincipalSID": "S-1-5-21-2697957641-2271029196-387917394-519",
      "PrincipalType": "Group",
      "RightName": "WriteDacl",
      "IsInherited": false
    },
    {
      "PrincipalSID": "S-1-5-21-2697957641-2271029196-387917394-519",
      "PrincipalType": "Group",
      "RightName": "WriteOwner",
      "IsInherited": false
    },
    {
      "PrincipalSID": "S-1-5-21-2697957641-2271029196-387917394-519",
      "PrincipalType": "Group",
      "RightName": "GenericWrite",
      "IsInherited": false
    }
  ],
  "ObjectIdentifier": "A12512B2-7103-4BEF-B528-50681B3796AB",
  "IsDeleted": false,
  "IsACLProtected": true,
  "ContainedBy": null
},
    {
  "Properties": {
    "domain": "PHANTOM.CORP",
    "name": "T1_ADMINS@PHANTOM.CORP",
    "distinguishedname": "CN={7147F818-A68D-4ED1-A817-F28BD06E583F},CN=POLICIES,CN=SYSTEM,DC=PHANTOM,DC=CORP",
    "domainsid": "S-1-5-21-2697957641-2271029196-387917394",
    "isaclprotected": true,
    "description": null,
    "whencreated": 1664356379,
    "gpcpath": "\\\\PHANTOM.CORP\\SYSVOL\\PHANTOM.CORP\\POLICIES\\{7147F818-A68D-4ED1-A817-F28BD06E583F}"
  },
  "Aces": [
    {
      "PrincipalSID": "S-1-5-21-2697957641-2271029196-387917394-512",
      "PrincipalType": "Group",
      "RightName": "Owns",
      "IsInherited": false
    },
    {
      "PrincipalSID": "S-1-5-21-2697957641-2271029196-387917394-512",
      "PrincipalType": "Group",
      "RightName": "WriteDacl",
      "IsInherited": false
    },
    {
      "PrincipalSID": "S-1-5-21-2697957641-2271029196-387917394-512",
      "PrincipalType": "Group",
      "RightName": "WriteOwner",
      "IsInherited": false
    },
    {
      "PrincipalSID": "S-1-5-21-2697957641-2271029196-387917394-512",
      "PrincipalType": "Group",
      "RightName": "GenericWrite",
      "IsInherited": false
    },
    {
      "PrincipalSID": "S-1-5-21-2697957641-2271029196-387917394-519",
      "PrincipalType": "Group",
      "RightName": "WriteDacl",
      "IsInherited": false
    },
    {
      "PrincipalSID": "S-1-5-21-2697957641-2271029196-387917394-519",
      "PrincipalType": "Group",
      "RightName": "WriteOwner",
      "IsInherited": false
    },
    {
      "PrincipalSID": "S-1-5-21-2697957641-2271029196-387917394-519",
      "PrincipalType": "Group",
      "RightName": "GenericWrite",
      "IsInherited": false
    }
  ],
  "ObjectIdentifier": "5EECB9AC-D79B-42FD-B4A9-59A179B6BBF4",
  "IsDeleted": false,
  "IsACLProtected": true,
  "ContainedBy": null
},
    {
  "Properties": {
    "domain": "PHANTOM.CORP",
    "name": "GPCO-GPO@PHANTOM.CORP",
    "distinguishedname": "CN={C4E7E1FB-6A6E-42FE-8605-A5AD5111BD17},CN=POLICIES,CN=SYSTEM,DC=PHANTOM,DC=CORP",
    "domainsid": "S-1-5-21-2697957641-2271029196-387917394",
    "isaclprotected": true,
    "description": null,
    "whencreated": 1687425258,
    "gpcpath": "\\\\PHANTOM.CORP\\SYSVOL\\PHANTOM.CORP\\POLICIES\\{C4E7E1FB-6A6E-42FE-8605-A5AD5111BD17}"
  },
  "Aces": [
    {
      "PrincipalSID": "S-1-5-21-2697957641-2271029196-387917394-2175",
      "PrincipalType": "User",
      "RightName": "Owns",
      "IsInherited": false
    },
    {
      "PrincipalSID": "S-1-5-21-2697957641-2271029196-387917394-512",
      "PrincipalType": "Group",
      "RightName": "WriteDacl",
      "IsInherited": false
    },
    {
      "PrincipalSID": "S-1-5-21-2697957641-2271029196-387917394-512",
      "PrincipalType": "Group",
      "RightName": "WriteOwner",
      "IsInherited": false
    },
    {
      "PrincipalSID": "S-1-5-21-2697957641-2271029196-387917394-512",
      "PrincipalType": "Group",
      "RightName": "GenericWrite",
      "IsInherited": false
    },
    {
      "PrincipalSID": "S-1-5-21-2697957641-2271029196-387917394-519",
      "PrincipalType": "Group",
      "RightName": "WriteDacl",
      "IsInherited": false
    },
    {
      "PrincipalSID": "S-1-5-21-2697957641-2271029196-387917394-519",
      "PrincipalType": "Group",
      "RightName": "WriteOwner",
      "IsInherited": false
    },
    {
      "PrincipalSID": "S-1-5-21-2697957641-2271029196-387917394-519",
      "PrincipalType": "Group",
      "RightName": "GenericWrite",
      "IsInherited": false
    },
    {
      "PrincipalSID": "S-1-5-21-2697957641-2271029196-387917394-2175",
      "PrincipalType": "User",
      "RightName": "WriteDacl",
      "IsInherited": false
    },
    {
      "PrincipalSID": "S-1-5-21-2697957641-2271029196-387917394-2175",
      "PrincipalType": "User",
      "RightName": "WriteOwner",
      "IsInherited": false
    },
    {
      "PrincipalSID": "S-1-5-21-2697957641-2271029196-387917394-2175",
      "PrincipalType": "User",
      "RightName": "GenericWrite",
      "IsInherited": false
    }
  ],
  "ObjectIdentifier": "E3942B82-90B4-4D6E-81F0-0C7AB86EC952",
  "IsDeleted": false,
  "IsACLProtected": true,
  "ContainedBy": null
},
    {
  "Properties": {
    "domain": "PHANTOM.CORP",
    "name": "NOOUTGOINGNTLM@PHANTOM.CORP",
    "distinguishedname": "CN={409B9B79-4AB4-496C-A8FD-686C745DAB2E},CN=POLICIES,CN=SYSTEM,DC=PHANTOM,DC=CORP",
    "domainsid": "S-1-5-21-2697957641-2271029196-387917394",
    "isaclprotected": true,
    "description": null,
    "whencreated": 1665582440,
    "gpcpath": "\\\\PHANTOM.CORP\\SYSVOL\\PHANTOM.CORP\\POLICIES\\{409B9B79-4AB4-496C-A8FD-686C745DAB2E}"
  },
  "Aces": [
    {
      "PrincipalSID": "S-1-5-21-2697957641-2271029196-387917394-512",
      "PrincipalType": "Group",
      "RightName": "Owns",
      "IsInherited": false
    },
    {
      "PrincipalSID": "S-1-5-21-2697957641-2271029196-387917394-512",
      "PrincipalType": "Group",
      "RightName": "WriteDacl",
      "IsInherited": false
    },
    {
      "PrincipalSID": "S-1-5-21-2697957641-2271029196-387917394-512",
      "PrincipalType": "Group",
      "RightName": "WriteOwner",
      "IsInherited": false
    },
    {
      "PrincipalSID": "S-1-5-21-2697957641-2271029196-387917394-512",
      "PrincipalType": "Group",
      "RightName": "GenericWrite",
      "IsInherited": false
    },
    {
      "PrincipalSID": "S-1-5-21-2697957641-2271029196-387917394-519",
      "PrincipalType": "Group",
      "RightName": "WriteDacl",
      "IsInherited": false
    },
    {
      "PrincipalSID": "S-1-5-21-2697957641-2271029196-387917394-519",
      "PrincipalType": "Group",
      "RightName": "WriteOwner",
      "IsInherited": false
    },
    {
      "PrincipalSID": "S-1-5-21-2697957641-2271029196-387917394-519",
      "PrincipalType": "Group",
      "RightName": "GenericWrite",
      "IsInherited": false
    }
  ],
  "ObjectIdentifier": "9F004D1B-9C88-461C-9833-0AE811AF8C5D",
  "IsDeleted": false,
  "IsACLProtected": true,
  "ContainedBy": null
},
    {
  "Properties": {
    "domain": "PHANTOM.CORP",
    "name": "ENABLE AV@PHANTOM.CORP",
    "distinguishedname": "CN={9D4493CD-FA0B-4AA0-B154-2CDEF8BB7C40},CN=POLICIES,CN=SYSTEM,DC=PHANTOM,DC=CORP",
    "domainsid": "S-1-5-21-2697957641-2271029196-387917394",
    "isaclprotected": true,
    "description": null,
    "whencreated": 1681262047,
    "gpcpath": "\\\\PHANTOM.CORP\\SYSVOL\\PHANTOM.CORP\\POLICIES\\{9D4493CD-FA0B-4AA0-B154-2CDEF8BB7C40}"
  },
  "Aces": [
    {
      "PrincipalSID": "S-1-5-21-2697957641-2271029196-387917394-512",
      "PrincipalType": "Group",
      "RightName": "Owns",
      "IsInherited": false
    },
    {
      "PrincipalSID": "S-1-5-21-2697957641-2271029196-387917394-512",
      "PrincipalType": "Group",
      "RightName": "WriteDacl",
      "IsInherited": false
    },
    {
      "PrincipalSID": "S-1-5-21-2697957641-2271029196-387917394-512",
      "PrincipalType": "Group",
      "RightName": "WriteOwner",
      "IsInherited": false
    },
    {
      "PrincipalSID": "S-1-5-21-2697957641-2271029196-387917394-512",
      "PrincipalType": "Group",
      "RightName": "GenericWrite",
      "IsInherited": false
    },
    {
      "PrincipalSID": "S-1-5-21-2697957641-2271029196-387917394-519",
      "PrincipalType": "Group",
      "RightName": "WriteDacl",
      "IsInherited": false
    },
    {
      "PrincipalSID": "S-1-5-21-2697957641-2271029196-387917394-519",
      "PrincipalType": "Group",
      "RightName": "WriteOwner",
      "IsInherited": false
    },
    {
      "PrincipalSID": "S-1-5-21-2697957641-2271029196-387917394-519",
      "PrincipalType": "Group",
      "RightName": "GenericWrite",
      "IsInherited": false
    },
    {
      "PrincipalSID": "S-1-5-21-2697957641-2271029196-387917394-2178",
      "PrincipalType": "Group",
      "RightName": "GenericWrite",
      "IsInherited": false
    }
  ],
  "ObjectIdentifier": "4B1F3AE0-2AE4-4DA0-8F1E-70DDB14F9E8A",
  "IsDeleted": false,
  "IsACLProtected": true,
  "ContainedBy": null
}
  ],
  "meta": {
  "methods": 521215,
  "type": "gpos",
  "count": 22,
  "version": 6
}
}