{
  "data": [
    {
  "GPOChanges": {
    "LocalAdmins": [],
    "RemoteDesktopUsers": [],
    "DcomUsers": [],
    "PSRemoteUsers": [],
    "AffectedComputers": []
  },
  "Properties": {
    "domain": "GHOST.CORP",
    "name": "GHOST.CORP",
    "distinguishedname": "DC=GHOST,DC=CORP",
    "domainsid": "S-1-5-21-2845847946-3451170323-4261139666",
    "isaclprotected": false,
    "description": null,
    "whencreated": 1656555663,
    "functionallevel": "2016",
    "collected": true
  },
  "ChildObjects": [],
  "Trusts": [
    {
      "TargetDomainSid": "S-1-5-21-2697957641-2271029196-387917394",
      "TargetDomainName": "PHANTOM.CORP",
      "IsTransitive": true,
      "SidFilteringEnabled": false,
      "TrustDirection": "Bidirectional",
      "TrustType": "ParentChild"
    }
  ],
  "Links": [
    {
      "IsEnforced": false,
      "GUID": "1181E177-85D5-41B5-9AF7-4179BE471DF0"
    },
    {
      "IsEnforced": false,
      "GUID": "F8C8BABD-54F3-4335-9FA4-77FE9F69599B"
    }
  ],
  "Aces": [
    {
      "PrincipalSID": "GHOST.CORP-S-1-5-32-544",
      "PrincipalType": "Group",
      "RightName": "Owns",
      "IsInherited": false
    },
    {
      "PrincipalSID": "GHOST.CORP-S-1-5-32-544",
      "PrincipalType": "Group",
      "RightName": "WriteDacl",
      "IsInherited": false
    },
    {
      "PrincipalSID": "GHOST.CORP-S-1-5-32-544",
      "PrincipalType": "Group",
      "RightName": "WriteOwner",
      "IsInherited": false
    },
    {
      "PrincipalSID": "GHOST.CORP-S-1-5-32-544",
      "PrincipalType": "Group",
      "RightName": "AllExtendedRights",
      "IsInherited": false
    },
    {
      "PrincipalSID": "S-1-5-21-2697957641-2271029196-387917394-519",
      "PrincipalType": "Group",
      "RightName": "GenericAll",
      "IsInherited": false
    },
    {
      "PrincipalSID": "S-1-5-21-2845847946-3451170323-4261139666-512",
      "PrincipalType": "Group",
      "RightName": "WriteDacl",
      "IsInherited": false
    },
    {
      "PrincipalSID": "S-1-5-21-2845847946-3451170323-4261139666-512",
      "PrincipalType": "Group",
      "RightName": "WriteOwner",
      "IsInherited": false
    },
    {
      "PrincipalSID": "S-1-5-21-2845847946-3451170323-4261139666-512",
      "PrincipalType": "Group",
      "RightName": "AllExtendedRights",
      "IsInherited": false
    },
    {
      "PrincipalSID": "PHANTOM.CORP-S-1-5-9",
      "PrincipalType": "Group",
      "RightName": "GetChanges",
      "IsInherited": false
    },
    {
      "PrincipalSID": "PHANTOM.CORP-S-1-5-9",
      "PrincipalType": "Group",
      "RightName": "GetChangesInFilteredSet",
      "IsInherited": false
    },
    {
      "PrincipalSID": "GHOST.CORP-S-1-5-32-544",
      "PrincipalType": "Group",
      "RightName": "GetChangesAll",
      "IsInherited": false
    },
    {
      "PrincipalSID": "GHOST.CORP-S-1-5-32-544",
      "PrincipalType": "Group",
      "RightName": "GetChanges",
      "IsInherited": false
    },
    {
      "PrincipalSID": "GHOST.CORP-S-1-5-32-544",
      "PrincipalType": "Group",
      "RightName": "GetChangesInFilteredSet",
      "IsInherited": false
    },
    {
      "PrincipalSID": "S-1-5-21-2697957641-2271029196-387917394-498",
      "PrincipalType": "Group",
      "RightName": "GetChanges",
      "IsInherited": false
    },
    {
      "PrincipalSID": "S-1-5-21-2845847946-3451170323-4261139666-516",
      "PrincipalType": "Group",
      "RightName": "GetChangesAll",
      "IsInherited": false
    }
  ],
  "ObjectIdentifier": "S-1-5-21-2845847946-3451170323-4261139666",
  "IsDeleted": false,
  "IsACLProtected": false,
  "ContainedBy": null
}
  ],
  "meta": {
  "methods": 521215,
  "type": "domains",
  "count": 1,
  "version": 6
}
}