{
    "meta": {
        "methods": 46067,
        "type": "groups",
        "count": 0,
        "version": 5
    },
    "data": [
        {
            "Properties": {
                "domain": "TESTLAB.LOCAL",
                "name": "ADMINISTRATORS@TESTLAB.LOCAL",
                "distinguishedname": "CN\u003dADMINISTRATORS,CN\u003dBUILTIN,DC\u003dTESTLAB,DC\u003dLOCAL",
                "domainsid": "S-1-5-21-3130019616-2776909439-2417379446",
                "description": "Administrators have complete and unrestricted access to the computer/domain",
                "whencreated": 1568630538,
                "admincount": true
            },
            "Members": [
                {
                    "ObjectIdentifier": "S-1-5-21-3130019616-2776909439-2417379446-512",
                    "ObjectType": "Group"
                },
                {
                    "ObjectIdentifier": "S-1-5-21-3130019616-2776909439-2417379446-519",
                    "ObjectType": "Group"
                },
                {
                    "ObjectIdentifier": "S-1-5-21-3130019616-2776909439-2417379446-500",
                    "ObjectType": "User"
                }
            ],
            "Aces": [
                {
                    "PrincipalSID": "S-1-5-21-3130019616-2776909439-2417379446-512",
                    "PrincipalType": "Group",
                    "RightName": "Owns",
                    "IsInherited": false
                },
                {
                    "PrincipalSID": "TESTLAB.LOCAL-S-1-5-32-544",
                    "PrincipalType": "Group",
                    "RightName": "WriteDacl",
                    "IsInherited": false
                },
                {
                    "PrincipalSID": "TESTLAB.LOCAL-S-1-5-32-544",
                    "PrincipalType": "Group",
                    "RightName": "WriteOwner",
                    "IsInherited": false
                },
                {
                    "PrincipalSID": "TESTLAB.LOCAL-S-1-5-32-544",
                    "PrincipalType": "Group",
                    "RightName": "GenericWrite",
                    "IsInherited": false
                },
                {
                    "PrincipalSID": "S-1-5-21-3130019616-2776909439-2417379446-512",
                    "PrincipalType": "Group",
                    "RightName": "WriteDacl",
                    "IsInherited": false
                },
                {
                    "PrincipalSID": "S-1-5-21-3130019616-2776909439-2417379446-512",
                    "PrincipalType": "Group",
                    "RightName": "WriteOwner",
                    "IsInherited": false
                },
                {
                    "PrincipalSID": "S-1-5-21-3130019616-2776909439-2417379446-512",
                    "PrincipalType": "Group",
                    "RightName": "GenericWrite",
                    "IsInherited": false
                },
                {
                    "PrincipalSID": "S-1-5-21-3130019616-2776909439-2417379446-519",
                    "PrincipalType": "Group",
                    "RightName": "WriteDacl",
                    "IsInherited": false
                },
                {
                    "PrincipalSID": "S-1-5-21-3130019616-2776909439-2417379446-519",
                    "PrincipalType": "Group",
                    "RightName": "WriteOwner",
                    "IsInherited": false
                },
                {
                    "PrincipalSID": "S-1-5-21-3130019616-2776909439-2417379446-519",
                    "PrincipalType": "Group",
                    "RightName": "GenericWrite",
                    "IsInherited": false
                }
            ],
            "ObjectIdentifier": "TESTLAB.LOCAL-S-1-5-32-544",
            "IsDeleted": false,
            "IsACLProtected": true
        },
        {
            "Properties": {
                "domain": "TESTLAB.LOCAL",
                "name": "GUESTS@TESTLAB.LOCAL",
                "distinguishedname": "CN\u003dGUESTS,CN\u003dBUILTIN,DC\u003dTESTLAB,DC\u003dLOCAL",
                "domainsid": "S-1-5-21-3130019616-2776909439-2417379446",
                "description": "Guests have the same access as members of the Users group by default, except for the Guest account which is further restricted",
                "whencreated": 1568630538,
                "admincount": false
            },
            "Members": [
                {
                    "ObjectIdentifier": "S-1-5-21-3130019616-2776909439-2417379446-514",
                    "ObjectType": "Group"
                },
                {
                    "ObjectIdentifier": "S-1-5-21-3130019616-2776909439-2417379446-501",
                    "ObjectType": "User"
                }
            ],
            "Aces": [
                {
                    "PrincipalSID": "TESTLAB.LOCAL-S-1-5-32-544",
                    "PrincipalType": "Group",
                    "RightName": "Owns",
                    "IsInherited": false
                },
                {
                    "PrincipalSID": "TESTLAB.LOCAL-S-1-5-32-548",
                    "PrincipalType": "Group",
                    "RightName": "GenericAll",
                    "IsInherited": false
                },
                {
                    "PrincipalSID": "S-1-5-21-3130019616-2776909439-2417379446-512",
                    "PrincipalType": "Group",
                    "RightName": "GenericAll",
                    "IsInherited": false
                },
                {
                    "PrincipalSID": "S-1-5-21-3130019616-2776909439-2417379446-519",
                    "PrincipalType": "Group",
                    "RightName": "GenericAll",
                    "IsInherited": true
                },
                {
                    "PrincipalSID": "TESTLAB.LOCAL-S-1-5-32-544",
                    "PrincipalType": "Group",
                    "RightName": "WriteDacl",
                    "IsInherited": true
                },
                {
                    "PrincipalSID": "TESTLAB.LOCAL-S-1-5-32-544",
                    "PrincipalType": "Group",
                    "RightName": "WriteOwner",
                    "IsInherited": true
                },
                {
                    "PrincipalSID": "TESTLAB.LOCAL-S-1-5-32-544",
                    "PrincipalType": "Group",
                    "RightName": "GenericWrite",
                    "IsInherited": true
                }
            ],
            "ObjectIdentifier": "TESTLAB.LOCAL-S-1-5-32-546",
            "IsDeleted": false,
            "IsACLProtected": false
        },
        {
            "Properties": {
                "domain": "TESTLAB.LOCAL",
                "name": "PRINT OPERATORS@TESTLAB.LOCAL",
                "distinguishedname": "CN\u003dPRINT OPERATORS,CN\u003dBUILTIN,DC\u003dTESTLAB,DC\u003dLOCAL",
                "domainsid": "S-1-5-21-3130019616-2776909439-2417379446",
                "description": "Members can administer printers installed on domain controllers",
                "whencreated": 1568630538,
                "admincount": true
            },
            "Members": [],
            "Aces": [
                {
                    "PrincipalSID": "S-1-5-21-3130019616-2776909439-2417379446-512",
                    "PrincipalType": "Group",
                    "RightName": "Owns",
                    "IsInherited": false
                },
                {
                    "PrincipalSID": "TESTLAB.LOCAL-S-1-5-32-544",
                    "PrincipalType": "Group",
                    "RightName": "WriteDacl",
                    "IsInherited": false
                },
                {
                    "PrincipalSID": "TESTLAB.LOCAL-S-1-5-32-544",
                    "PrincipalType": "Group",
                    "RightName": "WriteOwner",
                    "IsInherited": false
                },
                {
                    "PrincipalSID": "TESTLAB.LOCAL-S-1-5-32-544",
                    "PrincipalType": "Group",
                    "RightName": "GenericWrite",
                    "IsInherited": false
                },
                {
                    "PrincipalSID": "S-1-5-21-3130019616-2776909439-2417379446-512",
                    "PrincipalType": "Group",
                    "RightName": "WriteDacl",
                    "IsInherited": false
                },
                {
                    "PrincipalSID": "S-1-5-21-3130019616-2776909439-2417379446-512",
                    "PrincipalType": "Group",
                    "RightName": "WriteOwner",
                    "IsInherited": false
                },
                {
                    "PrincipalSID": "S-1-5-21-3130019616-2776909439-2417379446-512",
                    "PrincipalType": "Group",
                    "RightName": "GenericWrite",
                    "IsInherited": false
                },
                {
                    "PrincipalSID": "S-1-5-21-3130019616-2776909439-2417379446-519",
                    "PrincipalType": "Group",
                    "RightName": "WriteDacl",
                    "IsInherited": false
                },
                {
                    "PrincipalSID": "S-1-5-21-3130019616-2776909439-2417379446-519",
                    "PrincipalType": "Group",
                    "RightName": "WriteOwner",
                    "IsInherited": false
                },
                {
                    "PrincipalSID": "S-1-5-21-3130019616-2776909439-2417379446-519",
                    "PrincipalType": "Group",
                    "RightName": "GenericWrite",
                    "IsInherited": false
                }
            ],
            "ObjectIdentifier": "TESTLAB.LOCAL-S-1-5-32-550",
            "IsDeleted": false,
            "IsACLProtected": true
        },
        {
            "Properties": {
                "domain": "TESTLAB.LOCAL",
                "name": "DENIED RODC PASSWORD REPLICATION GROUP@TESTLAB.LOCAL",
                "distinguishedname": "CN\u003dDENIED RODC PASSWORD REPLICATION GROUP,CN\u003dUSERS,DC\u003dTESTLAB,DC\u003dLOCAL",
                "domainsid": "S-1-5-21-3130019616-2776909439-2417379446",
                "description": "Members in this group cannot have their passwords replicated to any read-only domain controllers in the domain",
                "whencreated": 1568630581,
                "admincount": false
            },
            "Members": [
                {
                    "ObjectIdentifier": "S-1-5-21-3130019616-2776909439-2417379446-521",
                    "ObjectType": "Group"
                },
                {
                    "ObjectIdentifier": "S-1-5-21-3130019616-2776909439-2417379446-520",
                    "ObjectType": "Group"
                },
                {
                    "ObjectIdentifier": "S-1-5-21-3130019616-2776909439-2417379446-512",
                    "ObjectType": "Group"
                },
                {
                    "ObjectIdentifier": "S-1-5-21-3130019616-2776909439-2417379446-517",
                    "ObjectType": "Group"
                },
                {
                    "ObjectIdentifier": "S-1-5-21-3130019616-2776909439-2417379446-519",
                    "ObjectType": "Group"
                },
                {
                    "ObjectIdentifier": "S-1-5-21-3130019616-2776909439-2417379446-518",
                    "ObjectType": "Group"
                },
                {
                    "ObjectIdentifier": "S-1-5-21-3130019616-2776909439-2417379446-516",
                    "ObjectType": "Group"
                },
                {
                    "ObjectIdentifier": "S-1-5-21-3130019616-2776909439-2417379446-502",
                    "ObjectType": "User"
                }
            ],
            "Aces": [
                {
                    "PrincipalSID": "S-1-5-21-3130019616-2776909439-2417379446-512",
                    "PrincipalType": "Group",
                    "RightName": "Owns",
                    "IsInherited": false
                },
                {
                    "PrincipalSID": "TESTLAB.LOCAL-S-1-5-32-548",
                    "PrincipalType": "Group",
                    "RightName": "GenericAll",
                    "IsInherited": false
                },
                {
                    "PrincipalSID": "S-1-5-21-3130019616-2776909439-2417379446-512",
                    "PrincipalType": "Group",
                    "RightName": "GenericAll",
                    "IsInherited": false
                },
                {
                    "PrincipalSID": "S-1-5-21-3130019616-2776909439-2417379446-519",
                    "PrincipalType": "Group",
                    "RightName": "GenericAll",
                    "IsInherited": true
                },
                {
                    "PrincipalSID": "TESTLAB.LOCAL-S-1-5-32-544",
                    "PrincipalType": "Group",
                    "RightName": "WriteDacl",
                    "IsInherited": true
                },
                {
                    "PrincipalSID": "TESTLAB.LOCAL-S-1-5-32-544",
                    "PrincipalType": "Group",
                    "RightName": "WriteOwner",
                    "IsInherited": true
                },
                {
                    "PrincipalSID": "TESTLAB.LOCAL-S-1-5-32-544",
                    "PrincipalType": "Group",
                    "RightName": "GenericWrite",
                    "IsInherited": true
                }
            ],
            "ObjectIdentifier": "S-1-5-21-3130019616-2776909439-2417379446-572",
            "IsDeleted": false,
            "IsACLProtected": false
        },
        {
            "Properties": {
                "domain": "TESTLAB.LOCAL",
                "name": "ALLOWED RODC PASSWORD REPLICATION GROUP@TESTLAB.LOCAL",
                "distinguishedname": "CN\u003dALLOWED RODC PASSWORD REPLICATION GROUP,CN\u003dUSERS,DC\u003dTESTLAB,DC\u003dLOCAL",
                "domainsid": "S-1-5-21-3130019616-2776909439-2417379446",
                "description": "Members in this group can have their passwords replicated to all read-only domain controllers in the domain",
                "whencreated": 1568630581,
                "admincount": false
            },
            "Members": [],
            "Aces": [
                {
                    "PrincipalSID": "S-1-5-21-3130019616-2776909439-2417379446-512",
                    "PrincipalType": "Group",
                    "RightName": "Owns",
                    "IsInherited": false
                },
                {
                    "PrincipalSID": "TESTLAB.LOCAL-S-1-5-32-548",
                    "PrincipalType": "Group",
                    "RightName": "GenericAll",
                    "IsInherited": false
                },
                {
                    "PrincipalSID": "S-1-5-21-3130019616-2776909439-2417379446-512",
                    "PrincipalType": "Group",
                    "RightName": "GenericAll",
                    "IsInherited": false
                },
                {
                    "PrincipalSID": "S-1-5-21-3130019616-2776909439-2417379446-519",
                    "PrincipalType": "Group",
                    "RightName": "GenericAll",
                    "IsInherited": true
                },
                {
                    "PrincipalSID": "TESTLAB.LOCAL-S-1-5-32-544",
                    "PrincipalType": "Group",
                    "RightName": "WriteDacl",
                    "IsInherited": true
                },
                {
                    "PrincipalSID": "TESTLAB.LOCAL-S-1-5-32-544",
                    "PrincipalType": "Group",
                    "RightName": "WriteOwner",
                    "IsInherited": true
                },
                {
                    "PrincipalSID": "TESTLAB.LOCAL-S-1-5-32-544",
                    "PrincipalType": "Group",
                    "RightName": "GenericWrite",
                    "IsInherited": true
                }
            ],
            "ObjectIdentifier": "S-1-5-21-3130019616-2776909439-2417379446-571",
            "IsDeleted": false,
            "IsACLProtected": false
        },
        {
            "Properties": {
                "domain": "TESTLAB.LOCAL",
                "name": "CRYPTOGRAPHIC OPERATORS@TESTLAB.LOCAL",
                "distinguishedname": "CN\u003dCRYPTOGRAPHIC OPERATORS,CN\u003dBUILTIN,DC\u003dTESTLAB,DC\u003dLOCAL",
                "domainsid": "S-1-5-21-3130019616-2776909439-2417379446",
                "description": "Members are authorized to perform cryptographic operations.",
                "whencreated": 1568630538,
                "admincount": false
            },
            "Members": [],
            "Aces": [
                {
                    "PrincipalSID": "TESTLAB.LOCAL-S-1-5-32-544",
                    "PrincipalType": "Group",
                    "RightName": "Owns",
                    "IsInherited": false
                },
                {
                    "PrincipalSID": "TESTLAB.LOCAL-S-1-5-32-548",
                    "PrincipalType": "Group",
                    "RightName": "GenericAll",
                    "IsInherited": false
                },
                {
                    "PrincipalSID": "S-1-5-21-3130019616-2776909439-2417379446-512",
                    "PrincipalType": "Group",
                    "RightName": "GenericAll",
                    "IsInherited": false
                },
                {
                    "PrincipalSID": "S-1-5-21-3130019616-2776909439-2417379446-519",
                    "PrincipalType": "Group",
                    "RightName": "GenericAll",
                    "IsInherited": true
                },
                {
                    "PrincipalSID": "TESTLAB.LOCAL-S-1-5-32-544",
                    "PrincipalType": "Group",
                    "RightName": "WriteDacl",
                    "IsInherited": true
                },
                {
                    "PrincipalSID": "TESTLAB.LOCAL-S-1-5-32-544",
                    "PrincipalType": "Group",
                    "RightName": "WriteOwner",
                    "IsInherited": true
                },
                {
                    "PrincipalSID": "TESTLAB.LOCAL-S-1-5-32-544",
                    "PrincipalType": "Group",
                    "RightName": "GenericWrite",
                    "IsInherited": true
                }
            ],
            "ObjectIdentifier": "TESTLAB.LOCAL-S-1-5-32-569",
            "IsDeleted": false,
            "IsACLProtected": false
        },
        {
            "Properties": {
                "domain": "TESTLAB.LOCAL",
                "name": "REMOTE MANAGEMENT LABEL.USERS@TESTLAB.LOCAL",
                "distinguishedname": "CN\u003dREMOTE MANAGEMENT USERS,CN\u003dBUILTIN,DC\u003dTESTLAB,DC\u003dLOCAL",
                "domainsid": "S-1-5-21-3130019616-2776909439-2417379446",
                "description": "Members of this group can access WMI resources over management protocols (such as WS-Management via the Windows Remote Management service). This applies only to WMI namespaces that grant access to the user.",
                "whencreated": 1568630538,
                "admincount": false
            },
            "Members": [],
            "Aces": [
                {
                    "PrincipalSID": "TESTLAB.LOCAL-S-1-5-32-544",
                    "PrincipalType": "Group",
                    "RightName": "Owns",
                    "IsInherited": false
                },
                {
                    "PrincipalSID": "TESTLAB.LOCAL-S-1-5-32-548",
                    "PrincipalType": "Group",
                    "RightName": "GenericAll",
                    "IsInherited": false
                },
                {
                    "PrincipalSID": "S-1-5-21-3130019616-2776909439-2417379446-512",
                    "PrincipalType": "Group",
                    "RightName": "GenericAll",
                    "IsInherited": false
                },
                {
                    "PrincipalSID": "S-1-5-21-3130019616-2776909439-2417379446-519",
                    "PrincipalType": "Group",
                    "RightName": "GenericAll",
                    "IsInherited": true
                },
                {
                    "PrincipalSID": "TESTLAB.LOCAL-S-1-5-32-544",
                    "PrincipalType": "Group",
                    "RightName": "WriteDacl",
                    "IsInherited": true
                },
                {
                    "PrincipalSID": "TESTLAB.LOCAL-S-1-5-32-544",
                    "PrincipalType": "Group",
                    "RightName": "WriteOwner",
                    "IsInherited": true
                },
                {
                    "PrincipalSID": "TESTLAB.LOCAL-S-1-5-32-544",
                    "PrincipalType": "Group",
                    "RightName": "GenericWrite",
                    "IsInherited": true
                }
            ],
            "ObjectIdentifier": "TESTLAB.LOCAL-S-1-5-32-580",
            "IsDeleted": false,
            "IsACLProtected": false
        },
        {
            "Properties": {
                "domain": "TESTLAB.LOCAL",
                "name": "SCHEMA ADMINS@TESTLAB.LOCAL",
                "distinguishedname": "CN\u003dSCHEMA ADMINS,CN\u003dUSERS,DC\u003dTESTLAB,DC\u003dLOCAL",
                "domainsid": "S-1-5-21-3130019616-2776909439-2417379446",
                "description": "Designated administrators of the schema",
                "whencreated": 1568630581,
                "admincount": true
            },
            "Members": [
                {
                    "ObjectIdentifier": "S-1-5-21-3130019616-2776909439-2417379446-500",
                    "ObjectType": "User"
                }
            ],
            "Aces": [
                {
                    "PrincipalSID": "S-1-5-21-3130019616-2776909439-2417379446-512",
                    "PrincipalType": "Group",
                    "RightName": "Owns",
                    "IsInherited": false
                },
                {
                    "PrincipalSID": "TESTLAB.LOCAL-S-1-5-32-544",
                    "PrincipalType": "Group",
                    "RightName": "WriteDacl",
                    "IsInherited": false
                },
                {
                    "PrincipalSID": "TESTLAB.LOCAL-S-1-5-32-544",
                    "PrincipalType": "Group",
                    "RightName": "WriteOwner",
                    "IsInherited": false
                },
                {
                    "PrincipalSID": "TESTLAB.LOCAL-S-1-5-32-544",
                    "PrincipalType": "Group",
                    "RightName": "GenericWrite",
                    "IsInherited": false
                },
                {
                    "PrincipalSID": "S-1-5-21-3130019616-2776909439-2417379446-512",
                    "PrincipalType": "Group",
                    "RightName": "WriteDacl",
                    "IsInherited": false
                },
                {
                    "PrincipalSID": "S-1-5-21-3130019616-2776909439-2417379446-512",
                    "PrincipalType": "Group",
                    "RightName": "WriteOwner",
                    "IsInherited": false
                },
                {
                    "PrincipalSID": "S-1-5-21-3130019616-2776909439-2417379446-512",
                    "PrincipalType": "Group",
                    "RightName": "GenericWrite",
                    "IsInherited": false
                },
                {
                    "PrincipalSID": "S-1-5-21-3130019616-2776909439-2417379446-519",
                    "PrincipalType": "Group",
                    "RightName": "WriteDacl",
                    "IsInherited": false
                },
                {
                    "PrincipalSID": "S-1-5-21-3130019616-2776909439-2417379446-519",
                    "PrincipalType": "Group",
                    "RightName": "WriteOwner",
                    "IsInherited": false
                },
                {
                    "PrincipalSID": "S-1-5-21-3130019616-2776909439-2417379446-519",
                    "PrincipalType": "Group",
                    "RightName": "GenericWrite",
                    "IsInherited": false
                }
            ],
            "ObjectIdentifier": "S-1-5-21-3130019616-2776909439-2417379446-518",
            "IsDeleted": false,
            "IsACLProtected": true
        },
        {
            "Properties": {
                "domain": "TESTLAB.LOCAL",
                "name": "ENTERPRISE ADMINS@TESTLAB.LOCAL",
                "distinguishedname": "CN\u003dENTERPRISE ADMINS,CN\u003dUSERS,DC\u003dTESTLAB,DC\u003dLOCAL",
                "domainsid": "S-1-5-21-3130019616-2776909439-2417379446",
                "description": "Designated administrators of the enterprise",
                "whencreated": 1568630581,
                "admincount": true
            },
            "Members": [
                {
                    "ObjectIdentifier": "S-1-5-21-3130019616-2776909439-2417379446-500",
                    "ObjectType": "User"
                }
            ],
            "Aces": [
                {
                    "PrincipalSID": "S-1-5-21-3130019616-2776909439-2417379446-512",
                    "PrincipalType": "Group",
                    "RightName": "Owns",
                    "IsInherited": false
                },
                {
                    "PrincipalSID": "TESTLAB.LOCAL-S-1-5-32-544",
                    "PrincipalType": "Group",
                    "RightName": "WriteDacl",
                    "IsInherited": false
                },
                {
                    "PrincipalSID": "TESTLAB.LOCAL-S-1-5-32-544",
                    "PrincipalType": "Group",
                    "RightName": "WriteOwner",
                    "IsInherited": false
                },
                {
                    "PrincipalSID": "TESTLAB.LOCAL-S-1-5-32-544",
                    "PrincipalType": "Group",
                    "RightName": "GenericWrite",
                    "IsInherited": false
                },
                {
                    "PrincipalSID": "S-1-5-21-3130019616-2776909439-2417379446-512",
                    "PrincipalType": "Group",
                    "RightName": "WriteDacl",
                    "IsInherited": false
                },
                {
                    "PrincipalSID": "S-1-5-21-3130019616-2776909439-2417379446-512",
                    "PrincipalType": "Group",
                    "RightName": "WriteOwner",
                    "IsInherited": false
                },
                {
                    "PrincipalSID": "S-1-5-21-3130019616-2776909439-2417379446-512",
                    "PrincipalType": "Group",
                    "RightName": "GenericWrite",
                    "IsInherited": false
                },
                {
                    "PrincipalSID": "S-1-5-21-3130019616-2776909439-2417379446-519",
                    "PrincipalType": "Group",
                    "RightName": "WriteDacl",
                    "IsInherited": false
                },
                {
                    "PrincipalSID": "S-1-5-21-3130019616-2776909439-2417379446-519",
                    "PrincipalType": "Group",
                    "RightName": "WriteOwner",
                    "IsInherited": false
                },
                {
                    "PrincipalSID": "S-1-5-21-3130019616-2776909439-2417379446-519",
                    "PrincipalType": "Group",
                    "RightName": "GenericWrite",
                    "IsInherited": false
                }
            ],
            "ObjectIdentifier": "S-1-5-21-3130019616-2776909439-2417379446-519",
            "IsDeleted": false,
            "IsACLProtected": true
        },
        {
            "Properties": {
                "domain": "TESTLAB.LOCAL",
                "name": "DOMAIN ADMINS@TESTLAB.LOCAL",
                "distinguishedname": "CN\u003dDOMAIN ADMINS,CN\u003dUSERS,DC\u003dTESTLAB,DC\u003dLOCAL",
                "domainsid": "S-1-5-21-3130019616-2776909439-2417379446",
                "description": "Designated administrators of the domain",
                "whencreated": 1568630581,
                "admincount": true
            },
            "Members": [
                {
                    "ObjectIdentifier": "S-1-5-21-3130019616-2776909439-2417379446-2118",
                    "ObjectType": "Group"
                },
                {
                    "ObjectIdentifier": "S-1-5-21-3130019616-2776909439-2417379446-2116",
                    "ObjectType": "User"
                },
                {
                    "ObjectIdentifier": "S-1-5-21-3130019616-2776909439-2417379446-500",
                    "ObjectType": "User"
                }
            ],
            "Aces": [
                {
                    "PrincipalSID": "S-1-5-21-3130019616-2776909439-2417379446-512",
                    "PrincipalType": "Group",
                    "RightName": "Owns",
                    "IsInherited": false
                },
                {
                    "PrincipalSID": "TESTLAB.LOCAL-S-1-5-32-544",
                    "PrincipalType": "Group",
                    "RightName": "WriteDacl",
                    "IsInherited": false
                },
                {
                    "PrincipalSID": "TESTLAB.LOCAL-S-1-5-32-544",
                    "PrincipalType": "Group",
                    "RightName": "WriteOwner",
                    "IsInherited": false
                },
                {
                    "PrincipalSID": "TESTLAB.LOCAL-S-1-5-32-544",
                    "PrincipalType": "Group",
                    "RightName": "GenericWrite",
                    "IsInherited": false
                },
                {
                    "PrincipalSID": "S-1-5-21-3130019616-2776909439-2417379446-512",
                    "PrincipalType": "Group",
                    "RightName": "WriteDacl",
                    "IsInherited": false
                },
                {
                    "PrincipalSID": "S-1-5-21-3130019616-2776909439-2417379446-512",
                    "PrincipalType": "Group",
                    "RightName": "WriteOwner",
                    "IsInherited": false
                },
                {
                    "PrincipalSID": "S-1-5-21-3130019616-2776909439-2417379446-512",
                    "PrincipalType": "Group",
                    "RightName": "GenericWrite",
                    "IsInherited": false
                },
                {
                    "PrincipalSID": "S-1-5-21-3130019616-2776909439-2417379446-519",
                    "PrincipalType": "Group",
                    "RightName": "WriteDacl",
                    "IsInherited": false
                },
                {
                    "PrincipalSID": "S-1-5-21-3130019616-2776909439-2417379446-519",
                    "PrincipalType": "Group",
                    "RightName": "WriteOwner",
                    "IsInherited": false
                },
                {
                    "PrincipalSID": "S-1-5-21-3130019616-2776909439-2417379446-519",
                    "PrincipalType": "Group",
                    "RightName": "GenericWrite",
                    "IsInherited": false
                }
            ],
            "ObjectIdentifier": "S-1-5-21-3130019616-2776909439-2417379446-512",
            "IsDeleted": false,
            "IsACLProtected": true
        },
        {
            "Properties": {
                "domain": "TESTLAB.LOCAL",
                "name": "DOMAIN GUESTS@TESTLAB.LOCAL",
                "distinguishedname": "CN\u003dDOMAIN GUESTS,CN\u003dUSERS,DC\u003dTESTLAB,DC\u003dLOCAL",
                "domainsid": "S-1-5-21-3130019616-2776909439-2417379446",
                "description": "All domain guests",
                "whencreated": 1568630581,
                "admincount": false
            },
            "Members": [],
            "Aces": [
                {
                    "PrincipalSID": "S-1-5-21-3130019616-2776909439-2417379446-512",
                    "PrincipalType": "Group",
                    "RightName": "Owns",
                    "IsInherited": false
                },
                {
                    "PrincipalSID": "TESTLAB.LOCAL-S-1-5-32-548",
                    "PrincipalType": "Group",
                    "RightName": "GenericAll",
                    "IsInherited": false
                },
                {
                    "PrincipalSID": "S-1-5-21-3130019616-2776909439-2417379446-512",
                    "PrincipalType": "Group",
                    "RightName": "GenericAll",
                    "IsInherited": false
                },
                {
                    "PrincipalSID": "S-1-5-21-3130019616-2776909439-2417379446-519",
                    "PrincipalType": "Group",
                    "RightName": "GenericAll",
                    "IsInherited": true
                },
                {
                    "PrincipalSID": "TESTLAB.LOCAL-S-1-5-32-544",
                    "PrincipalType": "Group",
                    "RightName": "WriteDacl",
                    "IsInherited": true
                },
                {
                    "PrincipalSID": "TESTLAB.LOCAL-S-1-5-32-544",
                    "PrincipalType": "Group",
                    "RightName": "WriteOwner",
                    "IsInherited": true
                },
                {
                    "PrincipalSID": "TESTLAB.LOCAL-S-1-5-32-544",
                    "PrincipalType": "Group",
                    "RightName": "GenericWrite",
                    "IsInherited": true
                }
            ],
            "ObjectIdentifier": "S-1-5-21-3130019616-2776909439-2417379446-514",
            "IsDeleted": false,
            "IsACLProtected": false
        },
        {
            "Properties": {
                "domain": "TESTLAB.LOCAL",
                "name": "GROUP POLICY CREATOR OWNERS@TESTLAB.LOCAL",
                "distinguishedname": "CN\u003dGROUP POLICY CREATOR OWNERS,CN\u003dUSERS,DC\u003dTESTLAB,DC\u003dLOCAL",
                "domainsid": "S-1-5-21-3130019616-2776909439-2417379446",
                "description": "Members in this group can modify group policy for the domain",
                "whencreated": 1568630581,
                "admincount": false
            },
            "Members": [
                {
                    "ObjectIdentifier": "S-1-5-21-3130019616-2776909439-2417379446-500",
                    "ObjectType": "User"
                }
            ],
            "Aces": [
                {
                    "PrincipalSID": "S-1-5-21-3130019616-2776909439-2417379446-512",
                    "PrincipalType": "Group",
                    "RightName": "Owns",
                    "IsInherited": false
                },
                {
                    "PrincipalSID": "TESTLAB.LOCAL-S-1-5-32-548",
                    "PrincipalType": "Group",
                    "RightName": "GenericAll",
                    "IsInherited": false
                },
                {
                    "PrincipalSID": "S-1-5-21-3130019616-2776909439-2417379446-512",
                    "PrincipalType": "Group",
                    "RightName": "GenericAll",
                    "IsInherited": false
                },
                {
                    "PrincipalSID": "S-1-5-21-3130019616-2776909439-2417379446-519",
                    "PrincipalType": "Group",
                    "RightName": "GenericAll",
                    "IsInherited": true
                },
                {
                    "PrincipalSID": "TESTLAB.LOCAL-S-1-5-32-544",
                    "PrincipalType": "Group",
                    "RightName": "WriteDacl",
                    "IsInherited": true
                },
                {
                    "PrincipalSID": "TESTLAB.LOCAL-S-1-5-32-544",
                    "PrincipalType": "Group",
                    "RightName": "WriteOwner",
                    "IsInherited": true
                },
                {
                    "PrincipalSID": "TESTLAB.LOCAL-S-1-5-32-544",
                    "PrincipalType": "Group",
                    "RightName": "GenericWrite",
                    "IsInherited": true
                }
            ],
            "ObjectIdentifier": "S-1-5-21-3130019616-2776909439-2417379446-520",
            "IsDeleted": false,
            "IsACLProtected": false
        },
        {
            "Properties": {
                "domain": "TESTLAB.LOCAL",
                "name": "DISTRIBUTED COM LABEL.USERS@TESTLAB.LOCAL",
                "distinguishedname": "CN\u003dDISTRIBUTED COM USERS,CN\u003dBUILTIN,DC\u003dTESTLAB,DC\u003dLOCAL",
                "domainsid": "S-1-5-21-3130019616-2776909439-2417379446",
                "description": "Members are allowed to launch, activate and use Distributed COM objects on this machine.",
                "whencreated": 1568630538,
                "admincount": false
            },
            "Members": [],
            "Aces": [
                {
                    "PrincipalSID": "TESTLAB.LOCAL-S-1-5-32-544",
                    "PrincipalType": "Group",
                    "RightName": "Owns",
                    "IsInherited": false
                },
                {
                    "PrincipalSID": "TESTLAB.LOCAL-S-1-5-32-548",
                    "PrincipalType": "Group",
                    "RightName": "GenericAll",
                    "IsInherited": false
                },
                {
                    "PrincipalSID": "S-1-5-21-3130019616-2776909439-2417379446-512",
                    "PrincipalType": "Group",
                    "RightName": "GenericAll",
                    "IsInherited": false
                },
                {
                    "PrincipalSID": "S-1-5-21-3130019616-2776909439-2417379446-519",
                    "PrincipalType": "Group",
                    "RightName": "GenericAll",
                    "IsInherited": true
                },
                {
                    "PrincipalSID": "TESTLAB.LOCAL-S-1-5-32-544",
                    "PrincipalType": "Group",
                    "RightName": "WriteDacl",
                    "IsInherited": true
                },
                {
                    "PrincipalSID": "TESTLAB.LOCAL-S-1-5-32-544",
                    "PrincipalType": "Group",
                    "RightName": "WriteOwner",
                    "IsInherited": true
                },
                {
                    "PrincipalSID": "TESTLAB.LOCAL-S-1-5-32-544",
                    "PrincipalType": "Group",
                    "RightName": "GenericWrite",
                    "IsInherited": true
                }
            ],
            "ObjectIdentifier": "TESTLAB.LOCAL-S-1-5-32-562",
            "IsDeleted": false,
            "IsACLProtected": false
        },
        {
            "Properties": {
                "domain": "TESTLAB.LOCAL",
                "name": "PERFORMANCE LOG LABEL.USERS@TESTLAB.LOCAL",
                "distinguishedname": "CN\u003dPERFORMANCE LOG USERS,CN\u003dBUILTIN,DC\u003dTESTLAB,DC\u003dLOCAL",
                "domainsid": "S-1-5-21-3130019616-2776909439-2417379446",
                "description": "Members of this group may schedule logging of performance counters, enable trace providers, and collect event traces both locally and via remote access to this computer",
                "whencreated": 1568630538,
                "admincount": false
            },
            "Members": [],
            "Aces": [
                {
                    "PrincipalSID": "TESTLAB.LOCAL-S-1-5-32-544",
                    "PrincipalType": "Group",
                    "RightName": "Owns",
                    "IsInherited": false
                },
                {
                    "PrincipalSID": "TESTLAB.LOCAL-S-1-5-32-548",
                    "PrincipalType": "Group",
                    "RightName": "GenericAll",
                    "IsInherited": false
                },
                {
                    "PrincipalSID": "S-1-5-21-3130019616-2776909439-2417379446-512",
                    "PrincipalType": "Group",
                    "RightName": "GenericAll",
                    "IsInherited": false
                },
                {
                    "PrincipalSID": "S-1-5-21-3130019616-2776909439-2417379446-519",
                    "PrincipalType": "Group",
                    "RightName": "GenericAll",
                    "IsInherited": true
                },
                {
                    "PrincipalSID": "TESTLAB.LOCAL-S-1-5-32-544",
                    "PrincipalType": "Group",
                    "RightName": "WriteDacl",
                    "IsInherited": true
                },
                {
                    "PrincipalSID": "TESTLAB.LOCAL-S-1-5-32-544",
                    "PrincipalType": "Group",
                    "RightName": "WriteOwner",
                    "IsInherited": true
                },
                {
                    "PrincipalSID": "TESTLAB.LOCAL-S-1-5-32-544",
                    "PrincipalType": "Group",
                    "RightName": "GenericWrite",
                    "IsInherited": true
                }
            ],
            "ObjectIdentifier": "TESTLAB.LOCAL-S-1-5-32-559",
            "IsDeleted": false,
            "IsACLProtected": false
        },
        {
            "Properties": {
                "domain": "TESTLAB.LOCAL",
                "name": "SERVER OPERATORS@TESTLAB.LOCAL",
                "distinguishedname": "CN\u003dSERVER OPERATORS,CN\u003dBUILTIN,DC\u003dTESTLAB,DC\u003dLOCAL",
                "domainsid": "S-1-5-21-3130019616-2776909439-2417379446",
                "description": "Members can administer domain servers",
                "whencreated": 1568630581,
                "admincount": true
            },
            "Members": [],
            "Aces": [
                {
                    "PrincipalSID": "S-1-5-21-3130019616-2776909439-2417379446-512",
                    "PrincipalType": "Group",
                    "RightName": "Owns",
                    "IsInherited": false
                },
                {
                    "PrincipalSID": "TESTLAB.LOCAL-S-1-5-32-544",
                    "PrincipalType": "Group",
                    "RightName": "WriteDacl",
                    "IsInherited": false
                },
                {
                    "PrincipalSID": "TESTLAB.LOCAL-S-1-5-32-544",
                    "PrincipalType": "Group",
                    "RightName": "WriteOwner",
                    "IsInherited": false
                },
                {
                    "PrincipalSID": "TESTLAB.LOCAL-S-1-5-32-544",
                    "PrincipalType": "Group",
                    "RightName": "GenericWrite",
                    "IsInherited": false
                },
                {
                    "PrincipalSID": "S-1-5-21-3130019616-2776909439-2417379446-512",
                    "PrincipalType": "Group",
                    "RightName": "WriteDacl",
                    "IsInherited": false
                },
                {
                    "PrincipalSID": "S-1-5-21-3130019616-2776909439-2417379446-512",
                    "PrincipalType": "Group",
                    "RightName": "WriteOwner",
                    "IsInherited": false
                },
                {
                    "PrincipalSID": "S-1-5-21-3130019616-2776909439-2417379446-512",
                    "PrincipalType": "Group",
                    "RightName": "GenericWrite",
                    "IsInherited": false
                },
                {
                    "PrincipalSID": "S-1-5-21-3130019616-2776909439-2417379446-519",
                    "PrincipalType": "Group",
                    "RightName": "WriteDacl",
                    "IsInherited": false
                },
                {
                    "PrincipalSID": "S-1-5-21-3130019616-2776909439-2417379446-519",
                    "PrincipalType": "Group",
                    "RightName": "WriteOwner",
                    "IsInherited": false
                },
                {
                    "PrincipalSID": "S-1-5-21-3130019616-2776909439-2417379446-519",
                    "PrincipalType": "Group",
                    "RightName": "GenericWrite",
                    "IsInherited": false
                }
            ],
            "ObjectIdentifier": "TESTLAB.LOCAL-S-1-5-32-549",
            "IsDeleted": false,
            "IsACLProtected": true
        },
        {
            "Properties": {
                "domain": "TESTLAB.LOCAL",
                "name": "PRE-WINDOWS 2000 COMPATIBLE ACCESS@TESTLAB.LOCAL",
                "distinguishedname": "CN\u003dPRE-WINDOWS 2000 COMPATIBLE ACCESS,CN\u003dBUILTIN,DC\u003dTESTLAB,DC\u003dLOCAL",
                "domainsid": "S-1-5-21-3130019616-2776909439-2417379446",
                "description": "A backward compatibility group which allows read access on all users and groups in the domain",
                "whencreated": 1568630581,
                "admincount": false
            },
            "Members": [
                {
                    "ObjectIdentifier": "TESTLAB.LOCAL-S-1-5-11",
                    "ObjectType": "Group"
                }
            ],
            "Aces": [
                {
                    "PrincipalSID": "S-1-5-21-3130019616-2776909439-2417379446-512",
                    "PrincipalType": "Group",
                    "RightName": "Owns",
                    "IsInherited": false
                },
                {
                    "PrincipalSID": "TESTLAB.LOCAL-S-1-5-32-548",
                    "PrincipalType": "Group",
                    "RightName": "GenericAll",
                    "IsInherited": false
                },
                {
                    "PrincipalSID": "S-1-5-21-3130019616-2776909439-2417379446-512",
                    "PrincipalType": "Group",
                    "RightName": "GenericAll",
                    "IsInherited": false
                },
                {
                    "PrincipalSID": "S-1-5-21-3130019616-2776909439-2417379446-519",
                    "PrincipalType": "Group",
                    "RightName": "GenericAll",
                    "IsInherited": true
                },
                {
                    "PrincipalSID": "TESTLAB.LOCAL-S-1-5-32-544",
                    "PrincipalType": "Group",
                    "RightName": "WriteDacl",
                    "IsInherited": true
                },
                {
                    "PrincipalSID": "TESTLAB.LOCAL-S-1-5-32-544",
                    "PrincipalType": "Group",
                    "RightName": "WriteOwner",
                    "IsInherited": true
                },
                {
                    "PrincipalSID": "TESTLAB.LOCAL-S-1-5-32-544",
                    "PrincipalType": "Group",
                    "RightName": "GenericWrite",
                    "IsInherited": true
                }
            ],
            "ObjectIdentifier": "TESTLAB.LOCAL-S-1-5-32-554",
            "IsDeleted": false,
            "IsACLProtected": false
        },
        {
            "Properties": {
                "domain": "TESTLAB.LOCAL",
                "name": "GETCHANGESGROUP@TESTLAB.LOCAL",
                "distinguishedname": "CN\u003dGETCHANGESGROUP,CN\u003dUSERS,DC\u003dTESTLAB,DC\u003dLOCAL",
                "domainsid": "S-1-5-21-3130019616-2776909439-2417379446",
                "whencreated": 1617613060,
                "admincount": false
            },
            "Members": [
                {
                    "ObjectIdentifier": "S-1-5-21-3130019616-2776909439-2417379446-2112",
                    "ObjectType": "User"
                }
            ],
            "Aces": [
                {
                    "PrincipalSID": "S-1-5-21-3130019616-2776909439-2417379446-512",
                    "PrincipalType": "Group",
                    "RightName": "Owns",
                    "IsInherited": false
                },
                {
                    "PrincipalSID": "TESTLAB.LOCAL-S-1-5-32-548",
                    "PrincipalType": "Group",
                    "RightName": "GenericAll",
                    "IsInherited": false
                },
                {
                    "PrincipalSID": "S-1-5-21-3130019616-2776909439-2417379446-512",
                    "PrincipalType": "Group",
                    "RightName": "GenericAll",
                    "IsInherited": false
                },
                {
                    "PrincipalSID": "S-1-5-21-3130019616-2776909439-2417379446-519",
                    "PrincipalType": "Group",
                    "RightName": "GenericAll",
                    "IsInherited": true
                },
                {
                    "PrincipalSID": "TESTLAB.LOCAL-S-1-5-32-544",
                    "PrincipalType": "Group",
                    "RightName": "WriteDacl",
                    "IsInherited": true
                },
                {
                    "PrincipalSID": "TESTLAB.LOCAL-S-1-5-32-544",
                    "PrincipalType": "Group",
                    "RightName": "WriteOwner",
                    "IsInherited": true
                },
                {
                    "PrincipalSID": "TESTLAB.LOCAL-S-1-5-32-544",
                    "PrincipalType": "Group",
                    "RightName": "GenericWrite",
                    "IsInherited": true
                }
            ],
            "ObjectIdentifier": "S-1-5-21-3130019616-2776909439-2417379446-2110",
            "IsDeleted": false,
            "IsACLProtected": false
        },
        {
            "Properties": {
                "domain": "TESTLAB.LOCAL",
                "name": "GETCHANGESALLGROUP@TESTLAB.LOCAL",
                "distinguishedname": "CN\u003dGETCHANGESALLGROUP,CN\u003dUSERS,DC\u003dTESTLAB,DC\u003dLOCAL",
                "domainsid": "S-1-5-21-3130019616-2776909439-2417379446",
                "whencreated": 1617613072,
                "admincount": false
            },
            "Members": [
                {
                    "ObjectIdentifier": "S-1-5-21-3130019616-2776909439-2417379446-2112",
                    "ObjectType": "User"
                }
            ],
            "Aces": [
                {
                    "PrincipalSID": "S-1-5-21-3130019616-2776909439-2417379446-512",
                    "PrincipalType": "Group",
                    "RightName": "Owns",
                    "IsInherited": false
                },
                {
                    "PrincipalSID": "TESTLAB.LOCAL-S-1-5-32-548",
                    "PrincipalType": "Group",
                    "RightName": "GenericAll",
                    "IsInherited": false
                },
                {
                    "PrincipalSID": "S-1-5-21-3130019616-2776909439-2417379446-512",
                    "PrincipalType": "Group",
                    "RightName": "GenericAll",
                    "IsInherited": false
                },
                {
                    "PrincipalSID": "S-1-5-21-3130019616-2776909439-2417379446-519",
                    "PrincipalType": "Group",
                    "RightName": "GenericAll",
                    "IsInherited": true
                },
                {
                    "PrincipalSID": "TESTLAB.LOCAL-S-1-5-32-544",
                    "PrincipalType": "Group",
                    "RightName": "WriteDacl",
                    "IsInherited": true
                },
                {
                    "PrincipalSID": "TESTLAB.LOCAL-S-1-5-32-544",
                    "PrincipalType": "Group",
                    "RightName": "WriteOwner",
                    "IsInherited": true
                },
                {
                    "PrincipalSID": "TESTLAB.LOCAL-S-1-5-32-544",
                    "PrincipalType": "Group",
                    "RightName": "GenericWrite",
                    "IsInherited": true
                }
            ],
            "ObjectIdentifier": "S-1-5-21-3130019616-2776909439-2417379446-2111",
            "IsDeleted": false,
            "IsACLProtected": false
        },
        {
            "Properties": {
                "domain": "TESTLAB.LOCAL",
                "name": "ACCESS CONTROL ASSISTANCE OPERATORS@TESTLAB.LOCAL",
                "distinguishedname": "CN\u003dACCESS CONTROL ASSISTANCE OPERATORS,CN\u003dBUILTIN,DC\u003dTESTLAB,DC\u003dLOCAL",
                "domainsid": "S-1-5-21-3130019616-2776909439-2417379446",
                "description": "Members of this group can remotely query authorization attributes and permissions for resources on this computer.",
                "whencreated": 1568630538,
                "admincount": false
            },
            "Members": [],
            "Aces": [
                {
                    "PrincipalSID": "TESTLAB.LOCAL-S-1-5-32-544",
                    "PrincipalType": "Group",
                    "RightName": "Owns",
                    "IsInherited": false
                },
                {
                    "PrincipalSID": "TESTLAB.LOCAL-S-1-5-32-548",
                    "PrincipalType": "Group",
                    "RightName": "GenericAll",
                    "IsInherited": false
                },
                {
                    "PrincipalSID": "S-1-5-21-3130019616-2776909439-2417379446-512",
                    "PrincipalType": "Group",
                    "RightName": "GenericAll",
                    "IsInherited": false
                },
                {
                    "PrincipalSID": "S-1-5-21-3130019616-2776909439-2417379446-519",
                    "PrincipalType": "Group",
                    "RightName": "GenericAll",
                    "IsInherited": true
                },
                {
                    "PrincipalSID": "TESTLAB.LOCAL-S-1-5-32-544",
                    "PrincipalType": "Group",
                    "RightName": "WriteDacl",
                    "IsInherited": true
                },
                {
                    "PrincipalSID": "TESTLAB.LOCAL-S-1-5-32-544",
                    "PrincipalType": "Group",
                    "RightName": "WriteOwner",
                    "IsInherited": true
                },
                {
                    "PrincipalSID": "TESTLAB.LOCAL-S-1-5-32-544",
                    "PrincipalType": "Group",
                    "RightName": "GenericWrite",
                    "IsInherited": true
                }
            ],
            "ObjectIdentifier": "TESTLAB.LOCAL-S-1-5-32-579",
            "IsDeleted": false,
            "IsACLProtected": false
        },
        {
            "Properties": {
                "domain": "TESTLAB.LOCAL",
                "name": "RDS REMOTE ACCESS SERVERS@TESTLAB.LOCAL",
                "distinguishedname": "CN\u003dRDS REMOTE ACCESS SERVERS,CN\u003dBUILTIN,DC\u003dTESTLAB,DC\u003dLOCAL",
                "domainsid": "S-1-5-21-3130019616-2776909439-2417379446",
                "description": "Servers in this group enable users of RemoteApp programs and personal virtual desktops access to these resources. In Internet-facing deployments, these servers are typically deployed in an edge network. This group needs to be populated on servers running RD Connection Broker. RD Gateway servers and RD Web Access servers used in the deployment need to be in this group.",
                "whencreated": 1568630538,
                "admincount": false
            },
            "Members": [],
            "Aces": [
                {
                    "PrincipalSID": "TESTLAB.LOCAL-S-1-5-32-544",
                    "PrincipalType": "Group",
                    "RightName": "Owns",
                    "IsInherited": false
                },
                {
                    "PrincipalSID": "TESTLAB.LOCAL-S-1-5-32-548",
                    "PrincipalType": "Group",
                    "RightName": "GenericAll",
                    "IsInherited": false
                },
                {
                    "PrincipalSID": "S-1-5-21-3130019616-2776909439-2417379446-512",
                    "PrincipalType": "Group",
                    "RightName": "GenericAll",
                    "IsInherited": false
                },
                {
                    "PrincipalSID": "S-1-5-21-3130019616-2776909439-2417379446-519",
                    "PrincipalType": "Group",
                    "RightName": "GenericAll",
                    "IsInherited": true
                },
                {
                    "PrincipalSID": "TESTLAB.LOCAL-S-1-5-32-544",
                    "PrincipalType": "Group",
                    "RightName": "WriteDacl",
                    "IsInherited": true
                },
                {
                    "PrincipalSID": "TESTLAB.LOCAL-S-1-5-32-544",
                    "PrincipalType": "Group",
                    "RightName": "WriteOwner",
                    "IsInherited": true
                },
                {
                    "PrincipalSID": "TESTLAB.LOCAL-S-1-5-32-544",
                    "PrincipalType": "Group",
                    "RightName": "GenericWrite",
                    "IsInherited": true
                }
            ],
            "ObjectIdentifier": "TESTLAB.LOCAL-S-1-5-32-575",
            "IsDeleted": false,
            "IsACLProtected": false
        },
        {
            "Properties": {
                "domain": "TESTLAB.LOCAL",
                "name": "READ-ONLY DOMAIN CONTROLLERS@TESTLAB.LOCAL",
                "distinguishedname": "CN\u003dREAD-ONLY DOMAIN CONTROLLERS,CN\u003dUSERS,DC\u003dTESTLAB,DC\u003dLOCAL",
                "domainsid": "S-1-5-21-3130019616-2776909439-2417379446",
                "description": "Members of this group are Read-Only Domain Controllers in the domain",
                "whencreated": 1568630581,
                "admincount": true
            },
            "Members": [],
            "Aces": [
                {
                    "PrincipalSID": "S-1-5-21-3130019616-2776909439-2417379446-512",
                    "PrincipalType": "Group",
                    "RightName": "Owns",
                    "IsInherited": false
                },
                {
                    "PrincipalSID": "TESTLAB.LOCAL-S-1-5-32-544",
                    "PrincipalType": "Group",
                    "RightName": "WriteDacl",
                    "IsInherited": false
                },
                {
                    "PrincipalSID": "TESTLAB.LOCAL-S-1-5-32-544",
                    "PrincipalType": "Group",
                    "RightName": "WriteOwner",
                    "IsInherited": false
                },
                {
                    "PrincipalSID": "TESTLAB.LOCAL-S-1-5-32-544",
                    "PrincipalType": "Group",
                    "RightName": "GenericWrite",
                    "IsInherited": false
                },
                {
                    "PrincipalSID": "S-1-5-21-3130019616-2776909439-2417379446-512",
                    "PrincipalType": "Group",
                    "RightName": "WriteDacl",
                    "IsInherited": false
                },
                {
                    "PrincipalSID": "S-1-5-21-3130019616-2776909439-2417379446-512",
                    "PrincipalType": "Group",
                    "RightName": "WriteOwner",
                    "IsInherited": false
                },
                {
                    "PrincipalSID": "S-1-5-21-3130019616-2776909439-2417379446-512",
                    "PrincipalType": "Group",
                    "RightName": "GenericWrite",
                    "IsInherited": false
                },
                {
                    "PrincipalSID": "S-1-5-21-3130019616-2776909439-2417379446-519",
                    "PrincipalType": "Group",
                    "RightName": "WriteDacl",
                    "IsInherited": false
                },
                {
                    "PrincipalSID": "S-1-5-21-3130019616-2776909439-2417379446-519",
                    "PrincipalType": "Group",
                    "RightName": "WriteOwner",
                    "IsInherited": false
                },
                {
                    "PrincipalSID": "S-1-5-21-3130019616-2776909439-2417379446-519",
                    "PrincipalType": "Group",
                    "RightName": "GenericWrite",
                    "IsInherited": false
                }
            ],
            "ObjectIdentifier": "S-1-5-21-3130019616-2776909439-2417379446-521",
            "IsDeleted": false,
            "IsACLProtected": true
        },
        {
            "Properties": {
                "domain": "TESTLAB.LOCAL",
                "name": "PROTECTED USERS@TESTLAB.LOCAL",
                "distinguishedname": "CN\u003dPROTECTED USERS,CN\u003dUSERS,DC\u003dTESTLAB,DC\u003dLOCAL",
                "domainsid": "S-1-5-21-3130019616-2776909439-2417379446",
                "description": "Members of this group are afforded additional protections against authentication security threats. See http://go.microsoft.com/fwlink/?LinkId\u003d298939 for more information.",
                "whencreated": 1568630581,
                "admincount": false
            },
            "Members": [],
            "Aces": [
                {
                    "PrincipalSID": "S-1-5-21-3130019616-2776909439-2417379446-512",
                    "PrincipalType": "Group",
                    "RightName": "Owns",
                    "IsInherited": false
                },
                {
                    "PrincipalSID": "TESTLAB.LOCAL-S-1-5-32-548",
                    "PrincipalType": "Group",
                    "RightName": "GenericAll",
                    "IsInherited": false
                },
                {
                    "PrincipalSID": "S-1-5-21-3130019616-2776909439-2417379446-512",
                    "PrincipalType": "Group",
                    "RightName": "GenericAll",
                    "IsInherited": false
                },
                {
                    "PrincipalSID": "S-1-5-21-3130019616-2776909439-2417379446-519",
                    "PrincipalType": "Group",
                    "RightName": "GenericAll",
                    "IsInherited": true
                },
                {
                    "PrincipalSID": "TESTLAB.LOCAL-S-1-5-32-544",
                    "PrincipalType": "Group",
                    "RightName": "WriteDacl",
                    "IsInherited": true
                },
                {
                    "PrincipalSID": "TESTLAB.LOCAL-S-1-5-32-544",
                    "PrincipalType": "Group",
                    "RightName": "WriteOwner",
                    "IsInherited": true
                },
                {
                    "PrincipalSID": "TESTLAB.LOCAL-S-1-5-32-544",
                    "PrincipalType": "Group",
                    "RightName": "GenericWrite",
                    "IsInherited": true
                }
            ],
            "ObjectIdentifier": "S-1-5-21-3130019616-2776909439-2417379446-525",
            "IsDeleted": false,
            "IsACLProtected": false
        },
        {
            "Properties": {
                "domain": "TESTLAB.LOCAL",
                "name": "WINDOWS AUTHORIZATION ACCESS LABEL.GROUP@TESTLAB.LOCAL",
                "distinguishedname": "CN\u003dWINDOWS AUTHORIZATION ACCESS GROUP,CN\u003dBUILTIN,DC\u003dTESTLAB,DC\u003dLOCAL",
                "domainsid": "S-1-5-21-3130019616-2776909439-2417379446",
                "description": "Members of this group have access to the computed tokenGroupsGlobalAndUniversal attribute on User objects",
                "whencreated": 1568630581,
                "admincount": false
            },
            "Members": [
                {
                    "ObjectIdentifier": "TESTLAB.LOCAL-S-1-5-9",
                    "ObjectType": "Group"
                }
            ],
            "Aces": [
                {
                    "PrincipalSID": "S-1-5-21-3130019616-2776909439-2417379446-512",
                    "PrincipalType": "Group",
                    "RightName": "Owns",
                    "IsInherited": false
                },
                {
                    "PrincipalSID": "TESTLAB.LOCAL-S-1-5-32-548",
                    "PrincipalType": "Group",
                    "RightName": "GenericAll",
                    "IsInherited": false
                },
                {
                    "PrincipalSID": "S-1-5-21-3130019616-2776909439-2417379446-512",
                    "PrincipalType": "Group",
                    "RightName": "GenericAll",
                    "IsInherited": false
                },
                {
                    "PrincipalSID": "S-1-5-21-3130019616-2776909439-2417379446-519",
                    "PrincipalType": "Group",
                    "RightName": "GenericAll",
                    "IsInherited": true
                },
                {
                    "PrincipalSID": "TESTLAB.LOCAL-S-1-5-32-544",
                    "PrincipalType": "Group",
                    "RightName": "WriteDacl",
                    "IsInherited": true
                },
                {
                    "PrincipalSID": "TESTLAB.LOCAL-S-1-5-32-544",
                    "PrincipalType": "Group",
                    "RightName": "WriteOwner",
                    "IsInherited": true
                },
                {
                    "PrincipalSID": "TESTLAB.LOCAL-S-1-5-32-544",
                    "PrincipalType": "Group",
                    "RightName": "GenericWrite",
                    "IsInherited": true
                }
            ],
            "ObjectIdentifier": "TESTLAB.LOCAL-S-1-5-32-560",
            "IsDeleted": false,
            "IsACLProtected": false
        },
        {
            "Properties": {
                "domain": "TESTLAB.LOCAL",
                "name": "SYSADMINS@TESTLAB.LOCAL",
                "distinguishedname": "CN\u003dSYSADMINS,CN\u003dUSERS,DC\u003dTESTLAB,DC\u003dLOCAL",
                "domainsid": "S-1-5-21-3130019616-2776909439-2417379446",
                "whencreated": 1617616345,
                "admincount": true
            },
            "Members": [],
            "Aces": [
                {
                    "PrincipalSID": "S-1-5-21-3130019616-2776909439-2417379446-512",
                    "PrincipalType": "Group",
                    "RightName": "Owns",
                    "IsInherited": false
                },
                {
                    "PrincipalSID": "TESTLAB.LOCAL-S-1-5-32-544",
                    "PrincipalType": "Group",
                    "RightName": "WriteDacl",
                    "IsInherited": false
                },
                {
                    "PrincipalSID": "TESTLAB.LOCAL-S-1-5-32-544",
                    "PrincipalType": "Group",
                    "RightName": "WriteOwner",
                    "IsInherited": false
                },
                {
                    "PrincipalSID": "TESTLAB.LOCAL-S-1-5-32-544",
                    "PrincipalType": "Group",
                    "RightName": "GenericWrite",
                    "IsInherited": false
                },
                {
                    "PrincipalSID": "S-1-5-21-3130019616-2776909439-2417379446-512",
                    "PrincipalType": "Group",
                    "RightName": "WriteDacl",
                    "IsInherited": false
                },
                {
                    "PrincipalSID": "S-1-5-21-3130019616-2776909439-2417379446-512",
                    "PrincipalType": "Group",
                    "RightName": "WriteOwner",
                    "IsInherited": false
                },
                {
                    "PrincipalSID": "S-1-5-21-3130019616-2776909439-2417379446-512",
                    "PrincipalType": "Group",
                    "RightName": "GenericWrite",
                    "IsInherited": false
                },
                {
                    "PrincipalSID": "S-1-5-21-3130019616-2776909439-2417379446-519",
                    "PrincipalType": "Group",
                    "RightName": "WriteDacl",
                    "IsInherited": false
                },
                {
                    "PrincipalSID": "S-1-5-21-3130019616-2776909439-2417379446-519",
                    "PrincipalType": "Group",
                    "RightName": "WriteOwner",
                    "IsInherited": false
                },
                {
                    "PrincipalSID": "S-1-5-21-3130019616-2776909439-2417379446-519",
                    "PrincipalType": "Group",
                    "RightName": "GenericWrite",
                    "IsInherited": false
                }
            ],
            "ObjectIdentifier": "S-1-5-21-3130019616-2776909439-2417379446-2118",
            "IsDeleted": false,
            "IsACLProtected": true
        },
        {
            "Properties": {
                "domain": "TESTLAB.LOCAL",
                "name": "ENTERPRISE READ-ONLY DOMAIN CONTROLLERS@TESTLAB.LOCAL",
                "distinguishedname": "CN\u003dENTERPRISE READ-ONLY DOMAIN CONTROLLERS,CN\u003dUSERS,DC\u003dTESTLAB,DC\u003dLOCAL",
                "domainsid": "S-1-5-21-3130019616-2776909439-2417379446",
                "description": "Members of this group are Read-Only Domain Controllers in the enterprise",
                "whencreated": 1568630581,
                "admincount": false
            },
            "Members": [],
            "Aces": [
                {
                    "PrincipalSID": "S-1-5-21-3130019616-2776909439-2417379446-512",
                    "PrincipalType": "Group",
                    "RightName": "Owns",
                    "IsInherited": false
                },
                {
                    "PrincipalSID": "TESTLAB.LOCAL-S-1-5-32-548",
                    "PrincipalType": "Group",
                    "RightName": "GenericAll",
                    "IsInherited": false
                },
                {
                    "PrincipalSID": "S-1-5-21-3130019616-2776909439-2417379446-512",
                    "PrincipalType": "Group",
                    "RightName": "GenericAll",
                    "IsInherited": false
                },
                {
                    "PrincipalSID": "S-1-5-21-3130019616-2776909439-2417379446-519",
                    "PrincipalType": "Group",
                    "RightName": "GenericAll",
                    "IsInherited": true
                },
                {
                    "PrincipalSID": "TESTLAB.LOCAL-S-1-5-32-544",
                    "PrincipalType": "Group",
                    "RightName": "WriteDacl",
                    "IsInherited": true
                },
                {
                    "PrincipalSID": "TESTLAB.LOCAL-S-1-5-32-544",
                    "PrincipalType": "Group",
                    "RightName": "WriteOwner",
                    "IsInherited": true
                },
                {
                    "PrincipalSID": "TESTLAB.LOCAL-S-1-5-32-544",
                    "PrincipalType": "Group",
                    "RightName": "GenericWrite",
                    "IsInherited": true
                }
            ],
            "ObjectIdentifier": "S-1-5-21-3130019616-2776909439-2417379446-498",
            "IsDeleted": false,
            "IsACLProtected": false
        },
        {
            "Properties": {
                "domain": "TESTLAB.LOCAL",
                "name": "DOMAIN COMPUTERS@TESTLAB.LOCAL",
                "distinguishedname": "CN\u003dDOMAIN COMPUTERS,CN\u003dUSERS,DC\u003dTESTLAB,DC\u003dLOCAL",
                "domainsid": "S-1-5-21-3130019616-2776909439-2417379446",
                "description": "All workstations and servers joined to the domain",
                "whencreated": 1568630581,
                "admincount": false
            },
            "Members": [],
            "Aces": [
                {
                    "PrincipalSID": "S-1-5-21-3130019616-2776909439-2417379446-512",
                    "PrincipalType": "Group",
                    "RightName": "Owns",
                    "IsInherited": false
                },
                {
                    "PrincipalSID": "TESTLAB.LOCAL-S-1-5-32-548",
                    "PrincipalType": "Group",
                    "RightName": "GenericAll",
                    "IsInherited": false
                },
                {
                    "PrincipalSID": "S-1-5-21-3130019616-2776909439-2417379446-512",
                    "PrincipalType": "Group",
                    "RightName": "GenericAll",
                    "IsInherited": false
                },
                {
                    "PrincipalSID": "S-1-5-21-3130019616-2776909439-2417379446-519",
                    "PrincipalType": "Group",
                    "RightName": "GenericAll",
                    "IsInherited": true
                },
                {
                    "PrincipalSID": "TESTLAB.LOCAL-S-1-5-32-544",
                    "PrincipalType": "Group",
                    "RightName": "WriteDacl",
                    "IsInherited": true
                },
                {
                    "PrincipalSID": "TESTLAB.LOCAL-S-1-5-32-544",
                    "PrincipalType": "Group",
                    "RightName": "WriteOwner",
                    "IsInherited": true
                },
                {
                    "PrincipalSID": "TESTLAB.LOCAL-S-1-5-32-544",
                    "PrincipalType": "Group",
                    "RightName": "GenericWrite",
                    "IsInherited": true
                }
            ],
            "ObjectIdentifier": "S-1-5-21-3130019616-2776909439-2417379446-515",
            "IsDeleted": false,
            "IsACLProtected": false
        },
        {
            "Properties": {
                "domain": "TESTLAB.LOCAL",
                "name": "RDS MANAGEMENT SERVERS@TESTLAB.LOCAL",
                "distinguishedname": "CN\u003dRDS MANAGEMENT SERVERS,CN\u003dBUILTIN,DC\u003dTESTLAB,DC\u003dLOCAL",
                "domainsid": "S-1-5-21-3130019616-2776909439-2417379446",
                "description": "Servers in this group can perform routine administrative actions on servers running Remote Desktop Services. This group needs to be populated on all servers in a Remote Desktop Services deployment. The servers running the RDS Central Management service must be included in this group.",
                "whencreated": 1568630538,
                "admincount": false
            },
            "Members": [],
            "Aces": [
                {
                    "PrincipalSID": "TESTLAB.LOCAL-S-1-5-32-544",
                    "PrincipalType": "Group",
                    "RightName": "Owns",
                    "IsInherited": false
                },
                {
                    "PrincipalSID": "TESTLAB.LOCAL-S-1-5-32-548",
                    "PrincipalType": "Group",
                    "RightName": "GenericAll",
                    "IsInherited": false
                },
                {
                    "PrincipalSID": "S-1-5-21-3130019616-2776909439-2417379446-512",
                    "PrincipalType": "Group",
                    "RightName": "GenericAll",
                    "IsInherited": false
                },
                {
                    "PrincipalSID": "S-1-5-21-3130019616-2776909439-2417379446-519",
                    "PrincipalType": "Group",
                    "RightName": "GenericAll",
                    "IsInherited": true
                },
                {
                    "PrincipalSID": "TESTLAB.LOCAL-S-1-5-32-544",
                    "PrincipalType": "Group",
                    "RightName": "WriteDacl",
                    "IsInherited": true
                },
                {
                    "PrincipalSID": "TESTLAB.LOCAL-S-1-5-32-544",
                    "PrincipalType": "Group",
                    "RightName": "WriteOwner",
                    "IsInherited": true
                },
                {
                    "PrincipalSID": "TESTLAB.LOCAL-S-1-5-32-544",
                    "PrincipalType": "Group",
                    "RightName": "GenericWrite",
                    "IsInherited": true
                }
            ],
            "ObjectIdentifier": "TESTLAB.LOCAL-S-1-5-32-577",
            "IsDeleted": false,
            "IsACLProtected": false
        },
        {
            "Properties": {
                "domain": "TESTLAB.LOCAL",
                "name": "DOMAIN CONTROLLERS@TESTLAB.LOCAL",
                "distinguishedname": "CN\u003dDOMAIN CONTROLLERS,CN\u003dUSERS,DC\u003dTESTLAB,DC\u003dLOCAL",
                "domainsid": "S-1-5-21-3130019616-2776909439-2417379446",
                "description": "All domain controllers in the domain",
                "whencreated": 1568630581,
                "admincount": true
            },
            "Members": [],
            "Aces": [
                {
                    "PrincipalSID": "S-1-5-21-3130019616-2776909439-2417379446-512",
                    "PrincipalType": "Group",
                    "RightName": "Owns",
                    "IsInherited": false
                },
                {
                    "PrincipalSID": "TESTLAB.LOCAL-S-1-5-32-544",
                    "PrincipalType": "Group",
                    "RightName": "WriteDacl",
                    "IsInherited": false
                },
                {
                    "PrincipalSID": "TESTLAB.LOCAL-S-1-5-32-544",
                    "PrincipalType": "Group",
                    "RightName": "WriteOwner",
                    "IsInherited": false
                },
                {
                    "PrincipalSID": "TESTLAB.LOCAL-S-1-5-32-544",
                    "PrincipalType": "Group",
                    "RightName": "GenericWrite",
                    "IsInherited": false
                },
                {
                    "PrincipalSID": "S-1-5-21-3130019616-2776909439-2417379446-512",
                    "PrincipalType": "Group",
                    "RightName": "WriteDacl",
                    "IsInherited": false
                },
                {
                    "PrincipalSID": "S-1-5-21-3130019616-2776909439-2417379446-512",
                    "PrincipalType": "Group",
                    "RightName": "WriteOwner",
                    "IsInherited": false
                },
                {
                    "PrincipalSID": "S-1-5-21-3130019616-2776909439-2417379446-512",
                    "PrincipalType": "Group",
                    "RightName": "GenericWrite",
                    "IsInherited": false
                },
                {
                    "PrincipalSID": "S-1-5-21-3130019616-2776909439-2417379446-519",
                    "PrincipalType": "Group",
                    "RightName": "WriteDacl",
                    "IsInherited": false
                },
                {
                    "PrincipalSID": "S-1-5-21-3130019616-2776909439-2417379446-519",
                    "PrincipalType": "Group",
                    "RightName": "WriteOwner",
                    "IsInherited": false
                },
                {
                    "PrincipalSID": "S-1-5-21-3130019616-2776909439-2417379446-519",
                    "PrincipalType": "Group",
                    "RightName": "GenericWrite",
                    "IsInherited": false
                }
            ],
            "ObjectIdentifier": "S-1-5-21-3130019616-2776909439-2417379446-516",
            "IsDeleted": false,
            "IsACLProtected": true
        },
        {
            "Properties": {
                "domain": "TESTLAB.LOCAL",
                "name": "TERMINAL SERVER LICENSE SERVERS@TESTLAB.LOCAL",
                "distinguishedname": "CN\u003dTERMINAL SERVER LICENSE SERVERS,CN\u003dBUILTIN,DC\u003dTESTLAB,DC\u003dLOCAL",
                "domainsid": "S-1-5-21-3130019616-2776909439-2417379446",
                "description": "Members of this group can update user accounts in Active Directory with information about license issuance, for the purpose of tracking and reporting TS Per User CAL usage",
                "whencreated": 1568630581,
                "admincount": false
            },
            "Members": [],
            "Aces": [
                {
                    "PrincipalSID": "S-1-5-21-3130019616-2776909439-2417379446-512",
                    "PrincipalType": "Group",
                    "RightName": "Owns",
                    "IsInherited": false
                },
                {
                    "PrincipalSID": "TESTLAB.LOCAL-S-1-5-32-548",
                    "PrincipalType": "Group",
                    "RightName": "GenericAll",
                    "IsInherited": false
                },
                {
                    "PrincipalSID": "S-1-5-21-3130019616-2776909439-2417379446-512",
                    "PrincipalType": "Group",
                    "RightName": "GenericAll",
                    "IsInherited": false
                },
                {
                    "PrincipalSID": "S-1-5-21-3130019616-2776909439-2417379446-519",
                    "PrincipalType": "Group",
                    "RightName": "GenericAll",
                    "IsInherited": true
                },
                {
                    "PrincipalSID": "TESTLAB.LOCAL-S-1-5-32-544",
                    "PrincipalType": "Group",
                    "RightName": "WriteDacl",
                    "IsInherited": true
                },
                {
                    "PrincipalSID": "TESTLAB.LOCAL-S-1-5-32-544",
                    "PrincipalType": "Group",
                    "RightName": "WriteOwner",
                    "IsInherited": true
                },
                {
                    "PrincipalSID": "TESTLAB.LOCAL-S-1-5-32-544",
                    "PrincipalType": "Group",
                    "RightName": "GenericWrite",
                    "IsInherited": true
                }
            ],
            "ObjectIdentifier": "TESTLAB.LOCAL-S-1-5-32-561",
            "IsDeleted": false,
            "IsACLProtected": false
        },
        {
            "Properties": {
                "domain": "TESTLAB.LOCAL",
                "name": "DOMAIN USERS@TESTLAB.LOCAL",
                "distinguishedname": "CN\u003dDOMAIN USERS,CN\u003dUSERS,DC\u003dTESTLAB,DC\u003dLOCAL",
                "domainsid": "S-1-5-21-3130019616-2776909439-2417379446",
                "description": "All domain users",
                "whencreated": 1568630581,
                "admincount": false
            },
            "Members": [],
            "Aces": [
                {
                    "PrincipalSID": "S-1-5-21-3130019616-2776909439-2417379446-512",
                    "PrincipalType": "Group",
                    "RightName": "Owns",
                    "IsInherited": false
                },
                {
                    "PrincipalSID": "TESTLAB.LOCAL-S-1-5-32-548",
                    "PrincipalType": "Group",
                    "RightName": "GenericAll",
                    "IsInherited": false
                },
                {
                    "PrincipalSID": "S-1-5-21-3130019616-2776909439-2417379446-512",
                    "PrincipalType": "Group",
                    "RightName": "GenericAll",
                    "IsInherited": false
                },
                {
                    "PrincipalSID": "S-1-5-21-3130019616-2776909439-2417379446-519",
                    "PrincipalType": "Group",
                    "RightName": "GenericAll",
                    "IsInherited": true
                },
                {
                    "PrincipalSID": "TESTLAB.LOCAL-S-1-5-32-544",
                    "PrincipalType": "Group",
                    "RightName": "WriteDacl",
                    "IsInherited": true
                },
                {
                    "PrincipalSID": "TESTLAB.LOCAL-S-1-5-32-544",
                    "PrincipalType": "Group",
                    "RightName": "WriteOwner",
                    "IsInherited": true
                },
                {
                    "PrincipalSID": "TESTLAB.LOCAL-S-1-5-32-544",
                    "PrincipalType": "Group",
                    "RightName": "GenericWrite",
                    "IsInherited": true
                }
            ],
            "ObjectIdentifier": "S-1-5-21-3130019616-2776909439-2417379446-513",
            "IsDeleted": false,
            "IsACLProtected": false
        }
    ]
}
