-- Copyright 2026 Specter Ops, Inc.
--
-- Licensed under the Apache License, Version 2.0
-- you may not use this file except in compliance with the License.
-- You may obtain a copy of the License at
--
--     http://www.apache.org/licenses/LICENSE-2.0
--
-- Unless required by applicable law or agreed to in writing, software
-- distributed under the License is distributed on an "AS IS" BASIS,
-- WITHOUT WARRANTIES OR CONDITIONS OF ANY KIND, either express or implied.
-- See the License for the specific language governing permissions and
-- limitations under the License.
--
-- SPDX-License-Identifier: Apache-2.0
-- Code generated by Cuelang code gen. DO NOT EDIT!
-- Cuelang source: github.com/specterops/bloodhound/-/tree/main/packages/cue/schemas/
INSERT INTO kind (name) VALUES
	('AZBase'),
	('AZVMScaleSet'),
	('AZApp'),
	('AZRole'),
	('AZDevice'),
	('AZFunctionApp'),
	('AZGroup'),
	('AZKeyVault'),
	('AZManagementGroup'),
	('AZResourceGroup'),
	('AZServicePrincipal'),
	('AZSubscription'),
	('AZTenant'),
	('AZUser'),
	('AZVM'),
	('AZManagedCluster'),
	('AZContainerRegistry'),
	('AZWebApp'),
	('AZLogicApp'),
	('AZAutomationAccount'),
	('AZAvereContributor'),
	('AZContains'),
	('AZContributor'),
	('AZGetCertificates'),
	('AZGetKeys'),
	('AZGetSecrets'),
	('AZHasRole'),
	('AZMemberOf'),
	('AZOwner'),
	('AZRunsAs'),
	('AZVMContributor'),
	('AZAutomationContributor'),
	('AZKeyVaultContributor'),
	('AZVMAdminLogin'),
	('AZAddMembers'),
	('AZAddSecret'),
	('AZExecuteCommand'),
	('AZGlobalAdmin'),
	('AZPrivilegedAuthAdmin'),
	('AZGrant'),
	('AZGrantSelf'),
	('AZPrivilegedRoleAdmin'),
	('AZResetPassword'),
	('AZUserAccessAdministrator'),
	('AZOwns'),
	('AZScopedTo'),
	('AZCloudAppAdmin'),
	('AZAppAdmin'),
	('AZAddOwner'),
	('AZManagedIdentity'),
	('AZMGApplication_ReadWrite_All'),
	('AZMGAppRoleAssignment_ReadWrite_All'),
	('AZMGDirectory_ReadWrite_All'),
	('AZMGGroup_ReadWrite_All'),
	('AZMGGroupMember_ReadWrite_All'),
	('AZMGRoleManagement_ReadWrite_Directory'),
	('AZMGServicePrincipalEndpoint_ReadWrite_All'),
	('AZAKSContributor'),
	('AZNodeResourceGroup'),
	('AZWebsiteContributor'),
	('AZLogicAppContributor'),
	('AZMGAddMember'),
	('AZMGAddOwner'),
	('AZMGAddSecret'),
	('AZMGGrantAppRoles'),
	('AZMGGrantRole'),
	('SyncedToADUser'),
	('AZRoleEligible'),
	('AZRoleApprover')
ON CONFLICT (name) DO NOTHING;

DELETE FROM schema_extensions WHERE name = 'AZ';

DO $$
DECLARE
	new_extension_id INT;
BEGIN
	INSERT INTO schema_extensions (name, display_name, version, is_builtin) VALUES ('AZ', 'Azure', 'v0.0.1', true) RETURNING id INTO new_extension_id;

	INSERT INTO schema_node_kinds (schema_extension_id, name, display_name, description, is_display_kind, icon, icon_color) VALUES
		(new_extension_id, 'AZBase', 'Entity', '', false, '', ''),
		(new_extension_id, 'AZVMScaleSet', 'VMScaleSet', '', true, 'fa-server', '#007CD0'),
		(new_extension_id, 'AZApp', 'App', '', true, 'fa-window-restore', '#03FC84'),
		(new_extension_id, 'AZRole', 'Role', '', true, 'fa-clipboard-list', '#ED8537'),
		(new_extension_id, 'AZDevice', 'Device', '', true, 'fa-desktop', '#B18FCF'),
		(new_extension_id, 'AZFunctionApp', 'FunctionApp', '', true, 'fa-bolt', '#F4BA44'),
		(new_extension_id, 'AZGroup', 'Group', '', true, 'fa-users', '#F57C9B'),
		(new_extension_id, 'AZKeyVault', 'KeyVault', '', true, 'fa-lock', '#ED658C'),
		(new_extension_id, 'AZManagementGroup', 'ManagementGroup', '', true, 'fa-sitemap', '#BD93D8'),
		(new_extension_id, 'AZResourceGroup', 'ResourceGroup', '', true, 'fa-cube', '#89BD9E'),
		(new_extension_id, 'AZServicePrincipal', 'ServicePrincipal', '', true, 'fa-robot', '#C1D6D6'),
		(new_extension_id, 'AZSubscription', 'Subscription', '', true, 'fa-key', '#D2CCA1'),
		(new_extension_id, 'AZTenant', 'Tenant', '', true, 'fa-cloud', '#54F2F2'),
		(new_extension_id, 'AZUser', 'User', '', true, 'fa-user', '#34D2EB'),
		(new_extension_id, 'AZVM', 'VM', '', true, 'fa-desktop', '#F9ADA0'),
		(new_extension_id, 'AZManagedCluster', 'ManagedCluster', '', true, 'fa-cubes', '#326CE5'),
		(new_extension_id, 'AZContainerRegistry', 'ContainerRegistry', '', true, 'fa-box-open', '#0885D7'),
		(new_extension_id, 'AZWebApp', 'WebApp', '', true, 'fa-object-group', '#4696E9'),
		(new_extension_id, 'AZLogicApp', 'LogicApp', '', true, 'fa-sitemap', '#9EE047'),
		(new_extension_id, 'AZAutomationAccount', 'AutomationAccount', '', true, 'fa-cog', '#F4BA44');

	INSERT INTO schema_edge_kinds (schema_extension_id, name, description, is_traversable) VALUES
		(new_extension_id, 'AZAvereContributor', '', true),
		(new_extension_id, 'AZContains', '', true),
		(new_extension_id, 'AZContributor', '', true),
		(new_extension_id, 'AZGetCertificates', '', true),
		(new_extension_id, 'AZGetKeys', '', true),
		(new_extension_id, 'AZGetSecrets', '', true),
		(new_extension_id, 'AZHasRole', '', true),
		(new_extension_id, 'AZMemberOf', '', true),
		(new_extension_id, 'AZOwner', '', true),
		(new_extension_id, 'AZRunsAs', '', true),
		(new_extension_id, 'AZVMContributor', '', true),
		(new_extension_id, 'AZAutomationContributor', '', true),
		(new_extension_id, 'AZKeyVaultContributor', '', true),
		(new_extension_id, 'AZVMAdminLogin', '', true),
		(new_extension_id, 'AZAddMembers', '', true),
		(new_extension_id, 'AZAddSecret', '', true),
		(new_extension_id, 'AZExecuteCommand', '', true),
		(new_extension_id, 'AZGlobalAdmin', '', true),
		(new_extension_id, 'AZPrivilegedAuthAdmin', '', true),
		(new_extension_id, 'AZGrant', '', true),
		(new_extension_id, 'AZGrantSelf', '', true),
		(new_extension_id, 'AZPrivilegedRoleAdmin', '', true),
		(new_extension_id, 'AZResetPassword', '', true),
		(new_extension_id, 'AZUserAccessAdministrator', '', true),
		(new_extension_id, 'AZOwns', '', true),
		(new_extension_id, 'AZScopedTo', '', false),
		(new_extension_id, 'AZCloudAppAdmin', '', true),
		(new_extension_id, 'AZAppAdmin', '', true),
		(new_extension_id, 'AZAddOwner', '', true),
		(new_extension_id, 'AZManagedIdentity', '', true),
		(new_extension_id, 'AZMGApplication_ReadWrite_All', '', false),
		(new_extension_id, 'AZMGAppRoleAssignment_ReadWrite_All', '', false),
		(new_extension_id, 'AZMGDirectory_ReadWrite_All', '', false),
		(new_extension_id, 'AZMGGroup_ReadWrite_All', '', false),
		(new_extension_id, 'AZMGGroupMember_ReadWrite_All', '', false),
		(new_extension_id, 'AZMGRoleManagement_ReadWrite_Directory', '', false),
		(new_extension_id, 'AZMGServicePrincipalEndpoint_ReadWrite_All', '', false),
		(new_extension_id, 'AZAKSContributor', '', true),
		(new_extension_id, 'AZNodeResourceGroup', '', true),
		(new_extension_id, 'AZWebsiteContributor', '', true),
		(new_extension_id, 'AZLogicAppContributor', '', true),
		(new_extension_id, 'AZMGAddMember', '', true),
		(new_extension_id, 'AZMGAddOwner', '', true),
		(new_extension_id, 'AZMGAddSecret', '', true),
		(new_extension_id, 'AZMGGrantAppRoles', '', true),
		(new_extension_id, 'AZMGGrantRole', '', true),
		(new_extension_id, 'SyncedToADUser', '', true),
		(new_extension_id, 'AZRoleEligible', '', true),
		(new_extension_id, 'AZRoleApprover', '', true);
END $$;
