{
  "data": [
    {
      "Properties": {
        "domain": "ESC1.LOCAL",
        "name": "ESC1-ESC1-DC-CA@ESC1.LOCAL",
        "distinguishedname": "CN=ESC1-ESC1-DC-CA,CN=AIA,CN=PUBLIC KEY SERVICES,CN=SERVICES,CN=CONFIGURATION,DC=ESC1,DC=LOCAL",
        "domainsid": "S-1-5-21-909015691-3030120388-2582151266",
        "description": null,
        "whencreated": 1664426237,
        "crosscertificatepair": [],
        "hascrosscertificatepair": false,
        "certthumbprint": "5F0143662A7EA16E8DB90E44D0F1F1FC87B1E703",
        "certname": "5F0143662A7EA16E8DB90E44D0F1F1FC87B1E703",
        "certchain": ["5F0143662A7EA16E8DB90E44D0F1F1FC87B1E703"],
        "hasbasicconstraints": false,
        "basicconstraintpathlength": 0
      },
      "Aces": [
        {
          "PrincipalSID": "S-1-5-21-909015691-3030120388-2582151266-519",
          "PrincipalType": "Group",
          "RightName": "Owns",
          "IsInherited": false
        },
        {
          "PrincipalSID": "ESC1.LOCAL-S-1-5-32-544",
          "PrincipalType": "Group",
          "RightName": "GenericAll",
          "IsInherited": false
        },
        {
          "PrincipalSID": "S-1-5-21-909015691-3030120388-2582151266-512",
          "PrincipalType": "Group",
          "RightName": "GenericAll",
          "IsInherited": false
        },
        {
          "PrincipalSID": "S-1-5-21-909015691-3030120388-2582151266-519",
          "PrincipalType": "Group",
          "RightName": "GenericAll",
          "IsInherited": false
        },
        {
          "PrincipalSID": "S-1-5-21-909015691-3030120388-2582151266-1000",
          "PrincipalType": "Computer",
          "RightName": "GenericAll",
          "IsInherited": false
        },
        {
          "PrincipalSID": "S-1-5-21-909015691-3030120388-2582151266-519",
          "PrincipalType": "Group",
          "RightName": "GenericAll",
          "IsInherited": true
        },
        {
          "PrincipalSID": "S-1-5-21-909015691-3030120388-2582151266-512",
          "PrincipalType": "Group",
          "RightName": "WriteDacl",
          "IsInherited": true
        },
        {
          "PrincipalSID": "S-1-5-21-909015691-3030120388-2582151266-512",
          "PrincipalType": "Group",
          "RightName": "WriteOwner",
          "IsInherited": true
        }
      ],
      "ObjectIdentifier": "6345151F-D854-4D83-B7D0-D94E10CFBAF2",
      "IsDeleted": false,
      "IsACLProtected": false,
      "ContainedBy": {
        "ObjectIdentifier": "D44AC8AF-C24E-489B-B0BB-E832A5E3C91A",
        "ObjectType": "Container"
      }
    }
  ],
  "meta": { "methods": 521215, "type": "aiacas", "count": 1, "version": 6 }
}
